Magnitude,Depth_km,Soil_Type,Water_Table_Depth_m,Saturation_Level_%,Density_g_per_cm3,Liquefaction
4.6834260259268,9.45144968751012,Gravel,8.690609197111629,31.96568315166408,1.2580780617072722,0
4.702278832665948,27.65738430950369,Clay,7.3634572144555595,33.13820329824326,1.638423752944488,0
3.141851869107221,11.697314592773907,Clay,8.81397308297284,43.39422375260574,1.797548490416918,0
3.577749473316623,25.339499493198325,Clay,4.27282587306164,92.68441597257286,1.2026321221157565,0
7.343474180147352,18.41622387194469,Clay,6.431327722634796,85.27124630924483,1.6847729120012587,0
6.013258581250473,20.169277025479676,Sandy,4.6449850970015625,22.712028464640312,1.4877842968105306,0
3.156225830114117,10.560122083337012,Sandy,4.3658967613812,44.418130859460135,1.6132353836930513,0
5.951919511016898,22.04324423046694,Sandy,7.1317087345776216,34.30632566659135,1.63599939319265,0
8.312664056380157,8.873129981070793,Clay,9.90929981857929,95.27850643902511,1.8365899937332149,0
7.4692309392658665,22.8754015589639,Clay,2.7641706222147158,79.94717644054708,1.2259508843515858,0
8.151780447134115,7.422857270737587,Mixed,5.166564844857364,16.856646916407712,1.7316974669071872,0
3.2270733775052713,8.971553671980882,Sandy,5.38652028362074,93.15528704435468,1.969725826765024,0
8.312188343169211,21.938158559731175,Gravel,4.3250296651191755,55.60533717533772,1.60025298587386,0
4.658826424656264,9.251541500901528,Sandy,5.567080399506138,57.26805129759367,1.6518479297482247,0
6.70482780390317,2.215985529143029,Sandy,2.355201001766962,83.64735316864285,1.5949007039816288,1
5.262664185820313,17.190709396835203,Sandy,5.252616976395108,31.38400329153273,2.0601949633486014,0
8.70687175763937,20.26225493258816,Sandy,1.9518078059149264,60.66818754086752,1.5945392319594869,0
6.858350947112389,27.291567541808817,Mixed,1.9602556125194588,51.213404184547514,1.884161456655995,0
4.124560478158568,18.083230140489047,Mixed,6.526204805771953,60.47806128603275,1.9778308061324759,0
3.4939452847815535,18.406648100671646,Clay,4.509211964225286,55.00611305126196,1.3003606111449335,0
3.0317860455750676,11.259446814315222,Sandy,6.025034747234851,51.58073049223161,2.175648930498804,0
5.818633336148974,5.910391781877342,Gravel,3.6109911636114953,98.64121464729642,1.295146802762345,1
4.238594855521643,3.31949267107442,Gravel,9.148825258946783,36.25124772532227,1.304497131306185,0
8.611004288094723,23.651377441542987,Clay,1.993786567923011,58.418378931102396,1.6964213792752831,0
3.487767661180791,11.579890793110431,Mixed,2.236405177906202,91.26282315289949,1.282743818157251,0
3.646045333894283,2.0575132016891526,Clay,5.427436881797726,72.94705983127986,1.3327016434287837,0
3.5652603298226233,3.430828245694639,Clay,1.8430517664499084,80.41591371800325,1.6220344114691332,0
7.415254701371819,21.908795014765985,Sandy,8.988461481505936,22.188933256819364,1.408208666741266,0
4.528799430291517,16.038129779065912,Gravel,1.0330941981264075,16.889541043192615,1.72729932465421,0
6.145943212901173,5.204717559225671,Sandy,1.5388815798356683,96.18506057700043,1.258407199614285,1
4.450997547798627,24.01395357419596,Sandy,7.649600176647547,22.12999606062824,1.6017025321613607,0
6.832711645614392,1.4943079560674484,Clay,4.428151408365784,30.01181173028693,1.5969860564554983,0
4.735455207322069,10.258948673216388,Gravel,3.9317323633938455,87.08639299805543,1.9578959125650128,0
7.200815539682749,23.135683523552316,Clay,6.993619632660478,97.54707705404132,1.7452814151699902,0
5.570403480792218,10.887041235238847,Mixed,6.258456087619269,95.99170058926708,1.500111347171985,1
5.4381250318798875,5.065472069871219,Sandy,9.470447381807483,59.809327458837636,1.3039885560500797,0
7.3149797233456715,23.319179938792516,Clay,5.646368325565135,69.40609439029427,1.2117290184550085,0
3.9557141636258297,6.037067217421351,Sandy,3.2078497567296527,71.59588902955761,1.4935950144292238,0
6.796967260911781,26.514466570502965,Clay,2.5765625850641016,62.88336491412257,1.3613078478032599,0
7.526571806226743,9.646449593254053,Mixed,2.952356439843062,66.32497630460664,1.6353519470857545,1
6.952483617222337,3.5898529413400087,Sandy,2.7556386469314127,60.57144862873218,1.8164011206456143,0
5.012546797712159,9.683189920842748,Sandy,5.98405800368498,35.40238330308422,1.7975676582215856,0
3.1059690467764214,17.309133933459833,Mixed,5.67483212813626,71.79886865124197,2.161314818188282,0
5.047727526817861,9.093224894937357,Mixed,2.7514537258152436,65.67130633968014,1.7075244286005364,0
5.224243051313896,23.30865473516134,Gravel,4.781340884888958,71.20563307600625,1.2286671217164282,0
7.796876949434845,1.834704039161553,Mixed,7.13490653121517,83.32102469068245,2.1712280188562882,0
3.8525251828894254,14.574222471757974,Gravel,9.348026147379777,45.61268193708312,1.536802897856988,0
4.9393717448967,21.135420543230314,Mixed,0.6925350429292301,13.123077340206365,1.251419126233522,0
7.355614843716268,15.14503707776351,Sandy,7.385427160738704,97.80651111466436,2.1968885111441248,0
8.21435590002426,10.146813439918066,Gravel,2.752348089971043,80.46939549426274,2.094544038443102,0
7.7746157203344755,13.969643472558309,Clay,4.909575346527831,21.06037187722105,2.130215218700531,0
7.158821858194337,23.237141590878853,Clay,8.802401756734309,91.56335614651151,1.5333148202646936,0
3.571159282940359,10.171823707938069,Mixed,4.273921769874191,86.61841506230172,1.2588094838971817,0
6.503336902931004,5.906127776818229,Mixed,3.336475994939805,42.25182912570587,1.353369658642307,0
4.460810922371199,23.968880771320656,Clay,4.0696145702960775,29.093158814783017,2.030985252848706,0
3.933283425691804,11.282476872029173,Gravel,7.433664799752428,91.72324297485216,1.9165045507500604,0
5.830529740255898,8.451364753728065,Sandy,6.1419780268558855,87.0396833084017,1.740556595307929,1
5.705635012250291,17.972400379972104,Clay,2.4229172434011033,72.94799260131794,1.4044995177358863,0
3.509116090676632,25.586930898361004,Mixed,8.301093806445259,60.19288732246993,1.3988261921202363,0
4.151138455043844,16.91600951068601,Gravel,2.4227636078857024,96.31875838633891,1.9424806086278457,0
7.25282299082061,22.886662558262405,Mixed,5.905155985116509,59.84159222152732,1.447249933731954,0
7.90399188041539,26.2714419155093,Clay,9.453960330942284,13.194187736805933,1.851981173233587,0
6.397556139974596,7.926103808779867,Gravel,5.940375781918531,50.696644457818124,1.554942221305605,1
3.526615167425848,15.172292828151265,Mixed,7.7536355103296986,93.16436533607998,1.9295292653715514,0
6.806036815036167,9.10243567825729,Mixed,1.985023504029412,58.52675446775713,2.021472864272261,0
8.77829961392466,11.19874008153543,Clay,1.1684895463440013,15.095104178485954,1.4051770234531704,0
3.5066458469751316,13.356343125593101,Gravel,4.937873525351373,69.56471889878824,2.1846202022453873,0
8.953807429500722,21.386260255734783,Gravel,3.2993050245081554,61.19522942094446,1.3482754347180517,0
8.192810033292188,6.330808371683345,Mixed,2.9532104593175053,84.78890681588568,1.33267213224372,1
8.850348063546502,15.563669497438749,Clay,2.990219335534393,64.00725682238414,1.420098879325611,0
3.3697292795504428,7.014849702202934,Sandy,4.672338662657589,88.3917592558311,1.2185389301869074,0
7.975488849400654,16.340130152246516,Mixed,8.123908119240312,70.63197213586082,1.8842541705497922,0
8.757767664721158,12.53398918602628,Mixed,5.257847732674189,40.3141123672647,1.6759832720987105,0
7.6559761348819855,10.421750620841747,Mixed,9.121803574185911,51.508185463392955,1.6810620179828588,1
3.375090180579077,24.753507967644463,Clay,9.097227303316775,27.446617905018027,2.130777708767713,0
8.572475351747538,28.013233043177824,Mixed,7.163204261877635,53.9283253523291,1.2448492972615361,0
7.657366167927809,14.526956353982712,Clay,2.668619966748736,97.72560448498258,2.17346003921546,0
3.2842981110483396,14.652691755409803,Gravel,3.925967340435029,96.44090208734725,1.8967130624416533,0
3.032298383317971,25.950390138688206,Clay,2.4443054841406266,59.444627079582816,1.4198713993463048,0
3.113055174090867,24.31414739764828,Clay,3.6906996812873265,46.192136620737315,2.0531363307516415,0
6.60499119609965,5.53161136827168,Gravel,4.610138414685685,14.191112323353067,1.8497512844067416,0
8.031050629111515,22.79110543931351,Mixed,9.211600493259052,13.670090675685133,1.6137171083590602,0
8.157981397664631,6.004399883482286,Sandy,9.321938417032072,85.48118232372424,2.0453813247911916,0
6.549065448981955,7.858749171457684,Mixed,6.1199998019066495,12.255948438723543,2.1102788117815168,0
3.9402501686591,22.025661088176694,Sandy,7.959259400957193,90.49164202227878,2.1505374903435843,0
8.665432376267386,8.192791410857131,Mixed,2.7403642080271995,76.59083191103345,1.214783166078271,1
5.075971618591155,8.985086706732186,Sandy,5.894364658333984,20.567029182581486,1.6884956101811404,0
6.7541881014287455,5.468729857631398,Gravel,9.976056909772824,69.92150170491621,1.382963860315886,1
8.355254284259274,27.944186611029437,Clay,2.510643526298125,63.62168834304073,1.4280576848278383,0
3.7197623682375562,29.052882181417797,Mixed,7.03010775253423,60.328605415671035,1.9012593226117898,0
7.931897170278158,1.141699237281118,Mixed,3.2046328560757362,95.89799250876025,1.5825715737189814,1
7.21348578401838,13.046390488330895,Mixed,1.2692855876768556,30.47672873784428,1.74507286829088,0
4.069503668872006,10.869824356454979,Clay,9.441965730428942,71.61888778929458,1.3565234471305965,0
6.437161423719665,4.318212017302301,Clay,5.436186438008369,16.91008813601732,1.7362451874311555,0
4.075854037144035,15.306496328754017,Clay,1.964941003391904,82.12567364582227,1.4929260797521657,0
4.220134461880444,7.951883732520276,Gravel,7.199343733245635,47.99949897651652,1.9306165816274907,0
3.885193268995775,25.97556113835467,Clay,2.8032081725417246,98.25915397299187,1.7024348314043825,0
4.314697145194936,29.301488321348042,Clay,8.174233698802446,12.962530445523246,1.291769240600583,0
4.085724471194096,29.95677384159684,Sandy,4.702102722300722,40.36367532433933,1.260080621559552,0
3.572065214658748,22.50640590716197,Gravel,2.5212068259708005,51.448069212552774,1.9592667407484856,0
3.5429584812993804,2.146612722136832,Mixed,9.345237361351689,99.86101090031657,1.54512736800883,0
6.9270654755501715,18.58152574086617,Gravel,9.105864673107428,81.64062936936014,2.191808823690236,0
4.518696000855817,26.840049631424147,Clay,8.799490903186959,25.352724241949915,2.0634868135629576,0
8.760364386532286,2.6974080094265536,Clay,5.472669548276306,23.620453622305167,1.4077688373566175,0
5.824580987917968,18.642649533527713,Mixed,9.47113686718924,39.725897013194135,1.4797109582692274,0
3.950966576735719,8.83231164302667,Clay,8.487750788233761,82.85549065884004,1.5608645836661827,0
4.655103387631279,22.37775612066167,Clay,8.62354567243666,22.350956409834893,1.289916683259635,0
4.988994594619641,19.63081089344015,Sandy,9.313204454417727,46.03906747336284,2.0467001017721893,0
8.204894751056727,25.053089154390257,Sandy,6.45095842903707,51.997243406061955,1.4205387484386898,0
3.7551062829648076,7.919875550332031,Gravel,8.888824393028337,27.866707596471834,1.8339981801891536,0
4.549765527716022,8.122942302405258,Mixed,6.921183023505106,78.93739914611872,1.4072189428623638,0
8.63949813419199,4.785108805404401,Gravel,0.637986783102764,22.292154055740067,2.0828586693062787,0
4.988261036383165,19.860916132958213,Clay,3.073298353308699,52.73164830895805,1.7631408529515764,0
8.04657783835852,9.478532506319992,Sandy,3.9312730472721547,27.355790257541752,1.3974136804357362,0
7.658303689592213,28.87253956678407,Gravel,8.441544046947783,17.56896145711494,1.947304520498614,0
7.712285103369552,27.10024965527733,Clay,2.376628937083246,65.14793528912674,1.9994164767915104,0
5.772180907256166,20.204721364850442,Clay,3.7230093039229537,52.29051784393156,1.4835172018826885,0
7.304911202117043,9.518267984284646,Sandy,3.1140486516722876,97.30891109933218,2.063182281310048,0
8.56278298088164,15.99604916493593,Mixed,1.0730401041296975,42.090765848968736,1.6425426060403594,0
6.384648564332635,28.116675894553232,Sandy,5.510946893919862,69.09375778032529,1.4377810317731463,0
6.88906302988998,27.330115743929387,Sandy,6.671760877153902,13.074041354933952,1.4309092105356704,0
6.6562889447902815,9.617923421501331,Clay,6.248556111689392,12.221122685746943,2.1203440958278392,0
7.2868794271275625,12.282741992936172,Sandy,7.249208895204064,53.83635088757435,1.4177030065464904,1
4.118804965910355,6.290029600726229,Gravel,8.858932136373847,56.010651126844884,2.182462196537806,0
3.2595447078233963,12.286993625922404,Clay,1.2631185687127828,47.277758346966365,1.2931098772388527,0
7.389955961627175,27.09687621034407,Gravel,2.07447400881856,77.37530477577506,2.09587885955308,0
3.078402099599713,4.954384257344477,Sandy,6.961243826246684,15.317408755789296,1.7018440359625266,0
5.0168755876640585,7.9286460949093716,Mixed,4.016771665442176,77.58801743305936,1.8137516150172521,0
7.893856024599405,6.822607842080739,Mixed,4.3286541559011,71.33607920714621,2.0169003507597743,0
3.7950745621747624,5.014424235048149,Clay,4.842894735973014,22.263404082933278,1.556306838463431,0
5.091330701448036,1.4772289689059859,Clay,1.2003132864934178,27.092056367092766,1.9420038506967527,0
4.361261847881062,3.671057242690518,Sandy,1.894382099852488,38.453890012917945,1.5573093824510669,0
4.50489314313148,1.8981147146851374,Mixed,3.1406868084811306,62.752343433325066,1.6332776886144664,0
4.2206021176558615,24.285948024323883,Gravel,1.2003733030943893,30.057138834469793,1.6837594380109546,0
4.246105057453628,3.899382437892812,Gravel,0.8041325542695787,45.92537534993609,1.666095957937117,0
6.98334796759506,20.618745315952438,Clay,3.732145991358012,43.803678853145925,1.6425638860585163,0
7.5175617272584265,5.380115699085134,Clay,6.666945567834081,68.82469163471347,1.810134845748216,0
4.789804112742359,28.912597132818362,Gravel,4.121285013882666,31.20303281670756,1.369109952799026,0
7.641735673707823,21.121068469203358,Gravel,2.4363626310797803,28.337960768947564,1.3635483134344384,0
3.690051406447431,8.800473885334018,Mixed,1.4999106263529447,26.764276771155266,1.4872200054475242,0
4.178747955565851,28.108810696672002,Sandy,2.9858686594859924,57.62779677380358,1.796924123944022,0
6.228500212455366,2.8025148093436925,Mixed,9.472180834597955,92.05782095633866,1.6607671994443889,1
8.181036113343419,1.6593454402441195,Clay,7.2010771478083155,69.21239231491293,2.052514476450022,0
7.3048045027381505,15.284726125116354,Sandy,6.722945902009639,45.58515058756521,1.8163175750858118,0
7.911380556125335,11.791525546352629,Mixed,9.695536799102952,39.151543225788615,1.3162580422214143,0
6.720279703196281,6.817188889615995,Clay,6.918524919489373,50.64784735341175,2.1586873101135846,0
6.603687118506395,29.71374300080339,Gravel,6.52318965710523,90.52972617120217,1.222756067743936,0
4.340352910377774,7.132122253468013,Clay,9.566783759054255,55.081348915271136,1.7988026826145003,0
4.57376594405277,9.692369394704642,Sandy,1.3980990644847562,72.44382173586268,1.7170642121223256,0
8.582701229090446,6.60604858756593,Sandy,5.7896367049313175,40.42951149272489,1.7417777114334312,0
8.868231214015657,27.202866617192765,Clay,5.211191504927898,95.77186289814058,1.9675731746715246,0
8.060497785177873,13.815380158986027,Mixed,4.680596058266504,12.11306091623667,2.060323913720716,0
3.9620131012613946,4.975540909626232,Sandy,0.7419583864270862,24.776975249168473,1.5390366553141814,0
8.654786364408048,11.650166964045532,Sandy,9.919366279859055,59.485235389309956,1.8928677620551222,0
5.062043332029327,27.036527473548198,Clay,3.344152040598132,57.45390104255124,2.125480569049511,0
5.784125984735294,13.818767554150751,Clay,0.8697465016467436,32.69385597155495,1.2295747747274617,0
5.045187154422247,14.735355432262011,Sandy,7.506325289068925,13.916669062038867,1.62039862524218,0
5.577331141415717,1.1399457894606617,Clay,4.573053323594852,89.59613648695736,1.4149859332439614,1
4.234197683258285,25.262596808144732,Clay,4.865198038706289,32.400275466754024,2.1791852587097487,0
5.338834720129373,7.154639613354042,Sandy,0.5809016434911092,29.035587455822718,2.1710026662063258,0
6.425430759934294,9.349449707182602,Gravel,3.3567894671246,70.44282892853734,1.8979042953422383,0
8.94277807967362,16.361966513375634,Clay,4.912775927011857,60.657115094683704,2.0166429585876346,0
4.355859861006361,28.310192780127146,Sandy,3.45490509169097,75.91476449163973,2.0325903985641514,0
7.217877571588154,1.8738242601932118,Gravel,4.743059151476238,50.763902241997904,1.934203903782575,0
7.76003861546423,23.62883990197851,Clay,5.8347986022048834,53.99635134563869,1.6579195960755349,0
6.224511176025762,21.37078396663544,Gravel,5.305526175843788,37.33692085668213,1.28549441351336,0
8.81432188556595,21.448659824744485,Clay,3.6366102818100394,89.84506383038169,1.6746707440382638,0
4.929052000104249,10.480275791383802,Mixed,1.1453799943394174,51.09818072610839,2.095533623392358,0
3.9790958410583146,5.991607063944179,Clay,1.3891330042198802,81.78639637256205,1.8587337837283697,0
4.413100735126688,9.111902385920093,Clay,6.192568662632089,16.15104351540419,1.935812029817741,0
6.009705431176157,27.870982742945127,Clay,4.5353951935536525,51.33462819282008,1.6423351538025035,0
4.4666086582833255,3.019150507715551,Gravel,3.1928310583355985,39.395000706153354,1.9757649981520746,0
6.695669511398128,17.81409697208841,Mixed,5.734793010356492,94.20404491046018,1.334736038452953,0
7.565116207399684,9.252349437412713,Clay,3.095531855678289,90.36011738881416,1.2300728141981885,1
8.461506415450497,24.999935084874608,Clay,8.36701581428115,88.52222366541653,1.4494012111648513,0
3.0462579323807617,9.631221029242845,Sandy,3.8168858360371765,23.75435483384966,1.4340944232275885,0
6.328473789588433,24.178709097881416,Gravel,4.724864328086046,95.40858518055516,1.576345566213909,0
6.675408345762801,12.03783523816317,Sandy,3.5557452763493242,10.678404745017017,1.2333820738460866,0
3.582996901212945,7.04803038467926,Sandy,2.117667185398144,71.45994302006031,2.1904696987963153,0
6.201271477113066,15.915270770492157,Gravel,2.6037027382299684,79.94711027379772,2.0404246838786566,0
6.410383800003583,17.941474024623094,Sandy,5.888506564608367,56.76311121669657,1.2562920574889638,0
8.346777318370165,3.0444452268233464,Mixed,7.500612932636756,50.551278467967215,1.5627291397527154,1
6.717658045541901,7.272859902078109,Mixed,0.7758364144205372,34.38135589706945,1.721626984857036,0
3.2866583480467373,28.14591496064392,Mixed,8.30891690704641,72.54386212727269,1.5140490257724262,0
6.781814844952237,14.258378721083767,Mixed,6.894658592949357,74.3565697549976,1.294055220120815,1
7.22975473940823,18.845864965842914,Sandy,2.5078896974992912,30.909440474097146,1.4024456438721284,0
8.304052477384406,4.82994972895443,Mixed,3.7615841551820335,62.80993122510573,1.5277200656699266,1
8.969200398682696,29.838092818681147,Gravel,1.9756529194242312,58.37391004502116,1.6787688354539614,0
4.953226193904419,9.062459424445258,Clay,0.5619417214594951,27.170913743342844,2.039264084240961,0
4.350161936540733,26.006071294112488,Clay,4.316776698242267,12.657663313277475,1.8568695551831171,0
7.6394149232910875,21.58115674932929,Mixed,2.5588840559300396,25.726824435197496,1.292527116290921,0
7.7809460581716134,11.594494396872786,Sandy,7.6703141012756255,72.76906043067598,1.3205200261843695,1
3.0530077614580198,23.674956806890755,Clay,4.06345555129144,87.35349337442443,1.2117013643988601,0
3.380101676677538,6.0126986105138815,Mixed,2.3936724200690875,19.92200880480279,1.7194051417465528,0
4.79951488872088,7.0820890930167915,Clay,1.017102291777195,11.30355572783843,1.710818406945291,0
4.936063095908439,5.460222539383437,Sandy,2.9583819035378593,53.09924996607332,1.7412166116045096,0
8.732520977589576,28.564990772636175,Gravel,8.228678876183338,82.68057719008353,2.1496156236026174,0
4.977959400429693,7.525183731454201,Mixed,1.6831012391537643,15.476566515037424,2.1687426088991435,0
6.352366105629725,20.552421787581928,Gravel,6.095406586504467,62.218296199626394,1.5069580434903147,0
6.483567368969316,18.20145156004308,Mixed,6.278341708832355,90.37270580069809,2.1682774742814725,0
5.188489399302478,8.993973311353301,Mixed,8.828152401208193,34.44987785782936,1.565710261408625,0
8.588674041097814,15.737521119431815,Gravel,1.715061982980375,91.98492508282051,1.4567840146142648,0
6.34759918190878,19.20861615198014,Clay,0.8577736039313508,16.725970469525812,1.7747499622603575,0
7.676342728179158,3.760403776031343,Gravel,8.244368393093723,38.84992231328721,2.058202364414548,0
4.75726041454849,27.89051913662683,Gravel,9.508583088077446,29.07089062272309,1.310725897164031,0
6.98571093682925,2.269751826096776,Clay,2.7197711521948786,33.144827504666125,2.0215849358918896,0
4.9415374482953265,7.391370889235542,Clay,3.6696948704566124,55.51781499638775,1.8064149789573443,0
8.15731156745548,8.506680551367268,Mixed,2.5877645907912434,95.79755859503445,1.3575421436804562,1
6.6255776386021,19.301652540407304,Gravel,7.87944581278628,28.799511350629665,1.930483833226167,0
7.591318407732108,26.81668140097902,Clay,0.7592709574176955,73.4355086720942,1.8148488890090522,0
5.856953956980599,26.684816130030164,Sandy,5.641724104472483,84.57462296080529,1.6850174852452975,0
8.331892117659502,1.8264320546527657,Sandy,3.7136879797442885,68.4764611174296,1.3557418288959597,1
4.608739129778433,25.683994067990668,Sandy,3.3963554765838717,63.36151331927601,2.090419394731472,0
3.796271658403448,16.177256202290877,Gravel,2.924589244538702,45.87615744229337,1.7465396363193721,0
7.57008057284006,16.43500832638083,Gravel,1.5753460300034943,70.60803298859798,1.4578273940797113,0
5.1747626917956975,25.98215496599774,Sandy,6.98081509358556,81.40337348686451,1.8689668651737694,0
8.71926189238952,8.769890744518744,Mixed,6.109030705623065,32.32931300843846,1.5743135809884552,0
6.702294419083864,1.2620225126852151,Gravel,4.277839685568367,83.91376392596399,1.7962187536949155,1
5.658569063728895,3.461543259922439,Gravel,5.01136459346601,19.069333107286855,1.4631341871489387,0
4.6086151427779,27.87085540721001,Mixed,1.5672306388829125,48.767604760599404,1.7684856101653228,0
5.227779480453899,2.966500595431766,Mixed,9.767904889068635,45.43378704806661,1.8076571507857988,0
7.075091459133477,7.040870615248692,Clay,6.587233831068366,80.79596659846565,1.4232890481714606,1
8.531469610821654,7.371281662379734,Clay,2.1829393634636087,94.19878539993113,1.8270448250397622,0
4.669076048672609,10.620539515901182,Sandy,2.5810055124819717,25.882031465283006,1.5121190709704644,0
7.57109292716826,16.113269290181073,Gravel,1.643717284160381,48.90240971904483,1.2927467054662296,0
4.05550516235196,16.2289771298013,Clay,6.018161593946158,54.90523545411989,1.5927337250007607,0
6.226751623248624,4.765255538022375,Mixed,6.777065721490156,92.90573158000555,1.9279340668591767,0
4.974631055637612,22.300128698203388,Gravel,2.2041259599645024,76.27591186108216,1.3165289326494023,0
7.987782995738412,27.08202058172957,Gravel,7.106626833854238,76.18976952279021,1.5196354698681231,0
5.450829129329538,24.296051827973063,Mixed,1.2546019866595741,33.31187203433916,1.978774622326041,0
4.634396266872222,6.520375733007365,Sandy,9.911721491922462,53.465145143526556,1.6194388872491121,0
6.642974804460502,3.8586807378409738,Clay,2.3375011312041685,89.50599557317071,1.6570101295349269,1
4.521348621170807,10.499860965053726,Gravel,6.0818496542406235,97.05021958499799,1.5103323669394846,0
3.095856645796922,14.088032343342071,Gravel,7.845694791345528,75.87723686195062,1.377462268013141,0
4.187630683739034,14.183299765052777,Gravel,6.212665643842343,26.120914093968217,1.6718525857201865,0
7.950557891547517,3.6237876808889826,Sandy,1.205363226482984,18.75700954819409,1.222646700231734,0
4.44439641833754,19.421440612243835,Clay,2.034464293612348,68.03062320557873,1.6688136773389968,0
6.9522183553396975,12.173383591116961,Gravel,6.263527338529552,19.48832896892488,1.7669817338742932,0
5.805393949106869,29.480884585761807,Gravel,3.8299650245992116,41.98981013227747,1.46287124166755,0
8.795265859001766,23.070221578141258,Clay,0.6595198592519919,48.7765311859002,2.107555093409861,0
7.779561321053579,23.717064989471563,Gravel,7.5680089834206035,49.24555515376876,2.1214323737309546,0
5.4060660607737905,7.485562309088659,Gravel,7.276374251111742,65.33245265913088,1.8501685464971274,0
7.877338988823302,24.25243324538638,Gravel,3.9387423268173296,32.36347923246271,1.3759586989892412,0
5.528657389981476,8.90206374026745,Clay,6.118493886626889,95.87796395877791,1.2280316549324928,1
6.683480960570947,27.432724722921122,Clay,5.7015971112458494,43.052084225677525,1.8782298339192653,0
6.494972192256444,4.356751092956236,Clay,4.753794083387754,46.11208109776392,1.745297063851532,0
4.555930059235008,10.350984689194663,Clay,3.8529224668380797,27.26162315486812,2.130651562040766,0
5.23552545961844,15.325480347884936,Mixed,9.094486204773506,41.50327063413547,1.4740744830346424,0
6.854315382717971,28.465386404404132,Mixed,2.3286141754364618,27.423397004125977,1.2642167250870358,0
7.638776610969642,17.63379420722331,Clay,1.6693635591361051,30.252028621070174,1.4849085718714927,0
5.671806097866888,27.338701661508868,Sandy,9.802099550049231,41.01710526376321,1.8261487656300548,0
8.683564264434672,13.646416666199043,Clay,7.1551930998021405,12.328343734130723,1.8226148875958632,0
6.428328689773089,11.669388128741378,Clay,2.7600328050724556,75.05666456188412,1.8954294025208895,0
3.062436692255983,6.28514042795993,Clay,7.425406827770319,96.03719528649219,1.7923814238942684,0
4.14583124268151,28.923725350288876,Mixed,4.965412399570413,29.49037903975266,1.2225281415179117,0
5.6554045934081225,3.1861935175739573,Clay,7.602764021668951,90.9879137042194,1.7086479352927122,1
6.74783763077074,25.446181024764794,Clay,8.458622628910689,80.23647950206261,1.2278207716572216,0
6.47266015372337,3.825763474972506,Mixed,9.056214147344571,63.0069477204157,1.2448785585083832,1
8.200302932683796,1.6724597449540644,Mixed,1.8436041886038894,41.47979261370862,1.729141862558126,0
6.005794780016412,18.818768069433716,Sandy,3.3309730753632456,22.71056119714008,1.5608620883210536,0
6.809977401494029,19.15377128241639,Gravel,9.974863941911151,56.498781633902475,1.6583140883983865,0
4.253103532242025,18.440391817958307,Sandy,9.110302817384788,51.97229673681365,1.3608553547272026,0
5.164219031287672,3.7842136712695806,Sandy,9.606386373534862,45.79699150175792,1.3066474513573751,0
3.870717602661765,16.54985839118651,Clay,8.149309553720698,97.15496265714695,2.1610278699878576,0
3.250255827208631,29.484173615594738,Gravel,9.027154584647635,61.005016611468875,1.306371851906451,0
5.365218039241203,8.797246364038942,Gravel,5.295146321861399,56.88150343108123,2.0025789171278072,0
6.315025787965506,1.5322059134599735,Clay,5.082933032886515,66.68958158819876,1.7732359981095605,1
4.723963318691381,1.8746824802857336,Gravel,7.6029201056954845,93.38477638165152,2.0116118827249116,0
5.353507039638286,29.93318075183297,Clay,5.852575058976408,11.59541359333289,1.523062178351265,0
5.24302622566743,21.93925699189004,Sandy,6.853718534744267,32.64302738761222,2.070511621361411,0
3.3532047568354013,24.088197913834104,Mixed,8.884034171330006,42.483328021938675,1.533068469506713,0
7.823124983784002,18.978772416315305,Gravel,6.292354284068367,48.88134309177719,1.4633510293832992,0
5.657128833522453,27.387823286897333,Sandy,8.472358674699926,10.852076551216403,1.5972627766925298,0
7.763456083759194,16.052578716656676,Gravel,1.7734318471071164,84.30315535552896,1.5450303142916737,0
6.468399873863431,3.4165951785689264,Clay,2.987375593078449,14.24567975754957,1.2833050415285547,0
7.914391623093824,15.473108734576,Gravel,5.763205523250851,47.61839630395299,1.9438712899383188,0
4.452451431718909,16.911036838542387,Gravel,2.5925720363424616,24.055901186572136,1.2447309624379512,0
5.46414974518262,28.763928857643034,Clay,9.9213272796214,12.123973042145467,1.6716851498854561,0
5.95160184408871,6.520351811326586,Sandy,2.1540919284583198,73.05489029286815,1.4305912277714183,1
3.2999096838773743,27.148528549550345,Sandy,8.160229727969167,31.792943334922175,1.945340102895658,0
3.6038888101165876,4.629398392011763,Sandy,8.937365293015855,56.56437474600974,1.8808627623005942,0
3.875651745356139,7.6964543424750556,Sandy,1.9447382166606284,75.0007760052416,1.398343261279355,0
6.9975262784967125,28.171129159171453,Sandy,7.17476185251812,54.690158162514244,1.632795164706887,0
5.61710138912437,28.099145595794255,Sandy,5.068575357114803,12.238589770340118,1.985517957986119,0
7.563873433724301,3.901319848691696,Gravel,5.742589833925661,16.35427119778233,1.6767121825919062,0
3.4252400861902257,17.09454599161291,Clay,4.1537672744236405,69.4772878961023,1.9243543681767736,0
8.702890602519867,19.73021578507073,Sandy,7.269697586863113,62.81962815677464,2.035710765940194,0
4.859634443000148,10.088789993554228,Sandy,8.911624769296628,18.330258258108344,1.3711670588177567,0
6.820875237725841,15.786488617656042,Sandy,6.939735551316412,89.59026145416301,1.8625739986491694,0
8.646570633360124,7.107740806363609,Gravel,7.365111409944515,98.83879676018437,1.5923896711081742,1
3.8093012848889707,13.94731591952735,Clay,1.2027351713447287,57.71940647691506,1.593148624387426,0
4.846082010592188,2.2341202177062405,Mixed,4.999655573271701,37.213303802718414,2.12962387835357,0
7.6312897233167,5.410668029533157,Mixed,7.350268563300362,56.146771156165904,1.5627733689916814,1
7.614559128462016,7.678702512059774,Clay,8.797040703181354,13.099229314655163,2.0497036741000185,0
8.529076484028312,11.506003382537573,Mixed,8.328938107880596,14.307881187156273,1.408269009803977,0
6.387845036502538,28.15153116841142,Mixed,5.5171142809866565,62.19271733491262,1.5684294883301346,0
6.248756891106084,16.09622450811458,Clay,8.362491158766028,75.03826904255496,1.3211646082132027,0
8.97809790263841,12.204097513055702,Mixed,6.2983574032723455,75.64030478275264,1.5097256404934132,1
5.2338195105387415,2.7687646596316053,Sandy,6.897149362412044,54.89090623081458,1.3919832410628274,0
4.748732228804573,23.323661064174484,Sandy,1.4462638519712185,84.53363102356141,1.4645970713518182,0
6.077981623132676,7.248059905913198,Clay,7.672911277216626,86.61034083374145,1.5058901964823588,1
3.579747054916786,21.251155933516014,Mixed,3.791576216227066,87.22998479013684,1.3687870761894225,0
5.516281001459788,1.3155609452499366,Mixed,2.8595500121623023,96.99945590028123,1.4987099040865755,1
4.949095078897615,21.93644913401133,Mixed,1.8147440496340455,78.9442587794755,1.9426427894892337,0
4.894438004436646,1.40210510599253,Clay,3.2479358542999073,39.13450595051131,1.2147947143560993,0
5.730517484849623,2.890669755270836,Mixed,2.375990478630507,80.20406419896686,1.7949322182377778,1
5.858415850937233,10.244868486387603,Clay,9.71002851300022,99.4060330234785,1.4391779333576926,1
5.074316821365345,5.711221525246814,Mixed,9.13246984337774,26.197166328519042,1.4003740727687362,0
6.912052218989681,14.78701732920988,Clay,2.9164465118770004,72.1638356614019,1.5180196024035078,1
6.5648694743836415,3.243966587733036,Mixed,6.136031712371414,34.33962990574625,1.5068751788028687,0
4.870430195226807,11.800425819009174,Clay,0.7736130925229612,85.53852806482271,1.2901680638468291,0
4.493675688376277,24.558525214961538,Mixed,3.2822640192358223,83.58778586809639,1.5568391327079933,0
5.21344213969638,11.000149161504218,Gravel,6.088060364294699,97.61321090491832,2.034658072835001,0
8.594626314381543,12.897237381158387,Mixed,8.94921980371514,32.401094541242585,1.273381600320969,0
8.092122541648472,24.911936458305508,Mixed,3.7930251770679386,60.29603719567166,1.7480698222821958,0
7.752730894442033,5.023470254265059,Sandy,8.523240226484495,92.03179237844013,1.353192876208664,1
6.499468315745064,17.497277049670082,Clay,4.959012651090015,74.38620668893337,1.5220098415475234,0
4.1357135698396705,10.081687568067334,Gravel,4.5014648797872265,12.0199612476683,1.9678811573091608,0
7.670057154690228,4.395026313943797,Sandy,3.2885682133562795,22.83476094571862,1.776322505814492,0
3.158233343008742,3.2506825209133856,Mixed,1.8444213897986605,34.42177425757358,1.6261469058107614,0
5.678356594016873,5.906066981106223,Mixed,0.6535391081562361,20.05003802619065,1.900488933461088,0
7.065435892737023,4.158974432900131,Mixed,2.2135341810153997,78.68110721489543,1.85963168830399,0
6.031193928999901,23.810832487267984,Clay,0.6092036497056672,99.07621328516225,1.371294413312625,0
6.268919375534747,23.99547375210486,Sandy,3.008956952245632,77.18192580656063,1.297299501982427,0
6.007532372170477,11.241239033501383,Sandy,4.315719814370656,99.02375260101427,1.3348123093030921,1
4.895012493663235,21.179616362049032,Gravel,3.76042223222343,30.569106201259466,1.7572737546586736,0
3.1144461733544833,23.351077554542236,Clay,7.216879406791525,39.76293099168804,2.183027058243307,0
6.466933432247011,4.15453979973618,Sandy,4.658320707680363,60.455935408192296,1.3103629275916764,1
8.399698270193998,24.01208851491867,Sandy,2.40887601079321,40.34244755876021,1.6316591521509722,0
7.522052223969292,5.9888970406508575,Mixed,2.9852663823485583,35.729678967236055,1.645309916418734,0
3.105310805599018,25.634121344400015,Mixed,1.6641860951704257,91.3472263811871,1.6654488032548178,0
8.39478317910777,17.897637277782394,Sandy,5.206369904780645,61.64814777542355,1.5480527567973998,0
3.7029321956003525,16.45916006389043,Mixed,8.232038426164738,76.42612329027185,1.7756980946547027,0
4.054130309776422,3.3336671781838216,Sandy,1.0502730676046217,68.19023238064815,1.405610658003283,0
8.642896428961512,16.447525906049087,Mixed,5.118926064575392,29.269565392476235,1.438729567753986,0
5.879111285515057,12.251633629530872,Sandy,3.663136791499338,72.35221477218514,1.797148151438748,1
3.587374173968195,8.673991509126065,Gravel,8.400682323185563,81.4720014290797,1.8523246184997957,0
8.272901216887426,28.623879037571808,Mixed,6.985378523449284,73.88361768214921,1.709703225804483,0
5.184178321693075,20.902270996853066,Sandy,2.168482172554965,81.93496121348352,1.4598980371725967,0
3.64107120069108,9.917627985981957,Clay,7.0667355638269855,42.71039766979691,1.8282054616370957,0
7.935134088872232,25.20526856627212,Gravel,4.422531442914915,33.51516101409458,1.4124274665090308,0
5.3535937962395295,28.1968914088296,Mixed,6.2488698268828315,84.39752481644405,1.3457959517200362,0
5.0076180313675875,17.53030318511437,Mixed,6.506192333566778,27.538871385575863,1.441044380703454,0
8.821293737980495,25.195880542298756,Mixed,1.309574660753724,84.13889180426676,1.3710945153568321,0
8.423292577813829,25.955423175662155,Sandy,2.9533254131034017,31.903612524210757,1.6547111660138614,0
3.1135675474718387,25.153710761354887,Clay,6.210911013874985,73.64284359952931,1.2952228624009081,0
8.39126326173083,8.634084019325048,Sandy,8.580791670862604,77.71138829697387,2.0473701206509713,0
6.105519181004863,11.818639336279144,Clay,8.811566279271094,26.33705934656091,1.7819553742568595,0
4.952226642420864,8.625773497789709,Clay,1.4085623872594917,24.52160678320463,2.101340990503137,0
4.846994654871629,17.878547952243366,Clay,1.2301635162491664,94.66362809637423,1.9003370990221775,0
6.4785195897394425,21.45402445677696,Sandy,0.6078092908192574,56.45266288426883,1.7810893050670376,0
3.082827586463144,7.052310652098128,Gravel,7.565351637779774,47.77989571863533,1.580950683371541,0
5.263562530212264,3.555813475963432,Clay,2.668101530967202,17.05481835359501,1.2353377460876476,0
3.1976103381962027,6.640486122071905,Sandy,0.8033761243054653,72.76749894271788,2.169499246535619,0
5.961358832022621,20.671926577600043,Mixed,8.464279897995084,92.71513637315196,1.280900362406055,0
3.5711642438483553,2.872836288142989,Sandy,0.8408619666374315,90.1667584172855,1.7917382202651781,0
6.463551726104293,5.018658405082202,Gravel,6.449062421989471,41.588640646298515,1.844345684856123,0
4.808230040286574,24.045655962213765,Mixed,5.950324120747683,85.80200797228942,1.9995119962021648,0
6.9895998023202255,1.4071998687005975,Gravel,2.867187476572085,44.50476089321582,1.3518914007030693,0
8.565203533162606,2.5441990947587616,Sandy,1.4772016356808126,84.779045181797,1.2011098805244902,1
4.222236074737084,1.5101419107362943,Sandy,8.185052634184427,36.07404301565765,1.7084228844025646,0
6.428958208381204,27.52266154946448,Sandy,4.260470404827417,81.11909192852566,1.3277622921139896,0
5.205334416497376,13.963258100318201,Gravel,1.3367189580624637,67.75358213843231,1.9910380677469048,0
6.5100420023090235,20.35503487369976,Sandy,1.179522273698977,46.402185734503306,1.9582154755984205,0
7.910739133398765,3.1776954176559573,Gravel,9.885217096516724,65.6159513596382,1.8793527354185455,0
4.625097128542169,25.32256281847114,Mixed,5.461617514431544,50.35079037859507,1.8671961896719211,0
8.497212335140409,5.572784915323021,Gravel,9.090946628621884,33.3323506785369,1.8270823407510313,0
5.594530491730051,20.062208756628074,Gravel,9.910604419532948,91.4979987097903,1.2894176546436804,0
6.731629776255277,3.3164621953897218,Mixed,2.6640959202482555,84.5069233489564,2.182733786009768,0
7.474372471211804,9.140164943042642,Mixed,4.018195750841629,17.01828557704929,2.08565600128559,0
4.4237038361027095,28.541754664460683,Sandy,5.152516384750075,83.93164147830583,1.228201433506478,0
3.752491196647137,1.5852220732010656,Sandy,3.2199642650065003,75.35561485337955,1.4845434682424432,0
7.978116184140552,18.747466625138504,Sandy,7.0554573324341305,32.85151267005437,1.8670923106589723,0
3.271679952720845,6.945572324070023,Gravel,1.3703757928417355,86.02755508471803,1.2451236307202829,0
8.392866200290186,15.294296112583607,Clay,5.442115657815592,59.95305625517888,1.2048721125184654,0
5.759151273718708,13.693624520574664,Clay,1.7076834657698017,81.75118053026897,1.36538407125125,1
5.94202714108053,7.74180569972472,Gravel,9.539851999936795,42.26244877709533,1.918230381312745,0
4.5915839251889405,4.372370358965602,Clay,2.0424553498245714,28.33396165821205,1.4798854134688226,0
8.292763742506288,16.663380186661488,Mixed,1.9036988816159448,19.196684368845307,2.1666258162757446,0
4.829996511851395,14.627911353416904,Sandy,7.543674984565953,48.71990786029838,1.2002134876684054,0
7.565324743905712,7.445905939268362,Gravel,7.023036570919541,37.054799979792875,1.432630889294822,0
6.762190610257012,20.13389069153852,Clay,5.409712908600337,62.218048139358444,1.396065486357767,0
8.837152062996434,14.702568681499104,Clay,1.0458456527590534,35.696464664908056,1.36777835665457,0
8.09569983792758,11.88154493608697,Mixed,4.315428896206564,52.44040597351549,1.546557028852219,1
3.814417966832794,15.08571294260181,Gravel,4.940919686477873,37.61561538666784,1.2682503036133705,0
3.376149644550186,6.233279802605345,Sandy,5.349176420547928,34.565209613386855,2.141082050740973,0
8.486888941407656,27.77153533741626,Sandy,8.320388872772174,22.714130560552448,1.2499078991706842,0
7.667351420902415,9.325210218546417,Gravel,9.055447859305902,87.81127887833867,1.9434456071547832,0
7.977187794742745,26.230733059243267,Mixed,6.492999895774247,34.76607353311698,1.3600721816838315,0
7.319909822139338,26.852425208960845,Sandy,1.3860198397354275,64.19517343783937,2.0261627696759335,0
8.74068248719356,17.56053440102711,Sandy,4.191610020330263,52.47574279576518,2.0387821532596986,0
7.496335704373298,26.19541765040487,Sandy,1.232245714125574,22.742095493265317,1.8579546050269522,0
7.7986722604452146,1.3761123669746012,Sandy,1.6268926316867853,86.19330064772907,2.1645436455670426,0
5.73084895695166,19.806915063201394,Sandy,7.707648931356783,27.464217696653627,1.2385953717939118,0
6.2305003442481475,8.300040723652462,Mixed,3.5981982137813553,31.95090506418355,1.938389665108617,0
7.9185766206087695,29.73718273560444,Gravel,1.1957063935774102,98.676041659287,1.3066279553382905,0
8.016969926141,25.59832392601299,Gravel,3.2190341922754397,47.118975605102115,1.5534948127477373,0
7.9291481537481285,7.146173691196516,Clay,5.09651585324888,62.55120510368889,1.9054280165842452,0
6.288346481255465,19.53066102034237,Sandy,2.3893618185248044,74.06844162194463,1.368821049907414,0
7.71067221897637,5.578179705215742,Gravel,7.70524242170045,21.058570269586923,1.5165629857613387,0
7.438378575842412,10.852342469314213,Mixed,7.849333726868521,93.65262718735107,1.590963045576523,1
3.9517743865680117,20.647228404373546,Mixed,5.360035734242667,52.943809073535704,1.576439447981747,0
4.359909042316761,27.502639806943876,Clay,2.1163766302549685,41.20578735051903,2.1570986364103506,0
5.640820678737127,7.092963894649522,Mixed,7.369103076284996,79.40631304492817,1.2542559800585231,1
3.5737064822393214,10.024738537399571,Mixed,2.6814404933211287,62.11843735197032,1.667509016286028,0
8.212308429736305,2.8007778084240362,Sandy,7.78166681647054,19.80380817263024,1.3595196682192214,0
7.239146539620686,18.828676158138204,Gravel,9.519262030571568,17.71176127895739,2.013607144303093,0
8.338057248436987,23.307225841787808,Mixed,3.7541565889669166,14.920755284749252,1.9320218380878345,0
8.173800168798337,26.990167854894345,Gravel,9.138783575819977,65.49405407030308,1.6475795459171405,0
5.748056756649758,14.89030950059389,Clay,5.214448144828439,70.3739217271586,2.079468661892471,0
7.243004827405594,5.361058329287996,Sandy,5.036304763691775,46.833523121434155,1.3383893021151902,0
8.893304645329525,3.5006199048333677,Mixed,1.0548414890651032,78.67788490143198,1.768173932400653,1
8.282549781659105,23.947312415447314,Sandy,1.8836697530130109,41.56146824942484,1.2816487064718787,0
6.330089393437218,22.6109228878539,Clay,7.4528822429907216,95.73036712681252,1.2113097746196972,0
8.483945683797575,4.296415491974376,Clay,3.0153389909660535,61.26514696210338,1.4995766093821203,1
7.3452252340220925,7.890692092013835,Sandy,3.8389706861072654,12.639482477948246,1.9098483963664963,0
4.164218340475608,7.302009698649511,Mixed,1.2589867056973187,37.31217793243486,1.3246458960674716,0
3.597236969061072,12.43530724305805,Gravel,6.4943119618371545,52.35496390993461,1.9145670825042256,0
3.127000436989785,18.393186755777627,Mixed,5.648849488397796,20.57340526087399,1.7480988803734314,0
6.061271753417719,25.514242163587937,Gravel,1.8351381123422095,38.19381611306533,1.4825328594873755,0
8.899737389666047,27.898474932842884,Mixed,8.03657643035182,39.18479696927663,1.4190882644396872,0
8.403583892782386,2.0538166681202648,Mixed,5.444272244552326,60.6846445491018,1.7474557380172355,1
8.729701568438962,11.59446388136474,Sandy,6.8276819568376945,50.613878624956136,1.9204143837691625,0
7.331525457690166,11.710191925805786,Sandy,3.8981839475060456,10.89353182554157,2.1771460611892888,0
6.798011989695686,28.632321434926517,Mixed,9.92108895251907,93.88039909987559,1.2552280202445485,0
6.418815927738777,29.09070476784413,Gravel,4.832148928149347,31.3712964691599,1.819659195265241,0
5.907923977177803,26.808317243436754,Sandy,7.887869092916756,20.9321156212856,2.1350279571085657,0
8.158049619428937,25.827911711169097,Sandy,2.1234691100798986,45.79066109319651,1.2148122349752764,0
4.627128006661499,10.004220793862943,Gravel,9.313331325236495,26.631724164424565,1.9282400859789317,0
5.914306701309168,9.49188789559881,Sandy,2.9224188660203048,77.84802436066965,1.4915555606649658,1
4.5062897210348325,23.376255942659615,Clay,5.395875700423509,67.81789813262014,2.084242075833368,0
3.140603215617346,20.15664138417488,Mixed,2.9473519702966207,43.8325090304513,1.9610621895063294,0
6.676215642256792,1.752381850952239,Mixed,1.3993396552945776,99.57794578579173,1.8345372892379348,0
5.735814581542763,25.01396442128164,Mixed,2.9992901708536905,36.47124702022067,1.2923574230366914,0
7.472481182796649,14.237165693874331,Gravel,9.149889245124607,54.14819717134436,1.9687823439354109,0
3.1010944780272682,25.6744472689781,Mixed,8.746078406592916,91.32542303729679,2.0271608343258753,0
8.423004850015836,26.09731919132321,Mixed,3.40814066560706,37.581501979492735,2.0685076416612316,0
7.260273966303239,1.6188039748404606,Clay,6.7771311379852355,79.43131814158727,2.124933013859454,0
8.119005141805694,28.463357401925084,Clay,0.9610520383573795,49.045225277970495,1.5505111717635345,0
7.28677975999336,22.05875026541969,Mixed,2.632446140706637,66.12759231195457,1.6414840751201387,0
3.3324000506572364,13.98496862561786,Mixed,8.286235788029117,18.24964461686353,1.8153127296700182,0
5.012983486359229,1.9786345723459253,Sandy,4.393982183388886,64.76259578162359,1.6492079986703527,0
3.339107336626613,3.9042796829315978,Mixed,1.2530386134569733,59.41403250571938,1.4137431562426397,0
6.065204468668143,28.168334010363353,Mixed,9.631965026714319,25.79238106204311,1.7778526841660056,0
4.189469607227318,29.796485741813672,Clay,7.623862616072446,13.644761306579369,1.8666913502501685,0
6.806874266140092,11.608888367829863,Gravel,3.417516393834596,38.33685824220165,1.326019346186192,0
8.294739368330648,4.222899614506574,Sandy,3.6505524044524713,81.68245091839242,1.6260245749903461,1
8.172624727291591,4.060747543205701,Sandy,6.555386897433854,29.59273706424612,2.16794474845731,0
3.1092397497070774,15.765444836272795,Clay,1.500846800425756,41.03568081896218,2.028337366255579,0
8.987329323466463,27.18294470053185,Clay,3.1012784526188115,75.74604355299174,1.4555777163395567,0
8.17112358265695,21.747124497574973,Mixed,6.248004092584459,87.54254778511591,2.0053367677603626,0
6.32583067114792,4.10566406996708,Sandy,7.230185520052518,56.817543086908515,1.9262947189688706,0
4.569142166528162,3.812226417025878,Sandy,2.2275458406897335,54.411929289894736,1.8049685689487005,0
3.5978745393455,5.186388833003438,Sandy,9.902878607547656,49.38974645640702,2.165773188964679,0
5.4083637480350735,18.05183570459559,Clay,2.6392017685056546,68.28314258578209,1.4434884691627503,0
7.295815543279088,27.824275867582934,Gravel,9.845082627688717,59.13293210347405,2.1851279631413947,0
7.742304243958055,23.291401284805413,Sandy,3.503227787300557,39.58807316797876,1.339806435627174,0
7.677043289512339,2.2991972014661957,Clay,9.011456496193171,38.445240775524454,1.958793108508209,0
8.136877585525017,27.8240873916924,Clay,5.321288593100367,44.07568329179415,1.8141836926679686,0
6.637987743046,17.888747654128032,Sandy,9.423505349981236,54.14262323347009,1.9953227568265088,0
5.061757113888306,20.406093777131094,Gravel,6.9018136553999465,11.233725257595474,1.2980617189003931,0
6.131277862888716,8.901691631257414,Clay,3.260234955206539,78.54102525452737,2.0972265305650346,0
6.492482516371349,26.057321357393384,Clay,6.170673471806292,30.686699344301285,1.8620813625508108,0
3.9638846530091527,17.602912277748004,Sandy,8.764524047801224,77.0545431323034,1.80561870961168,0
8.863672684034729,4.363028499235465,Sandy,4.410234134509045,81.12647426371284,1.9981569914412738,0
8.462998843522476,20.589127165799002,Clay,3.4763058377943867,57.367325776650596,1.5978082444287738,0
3.200007251183563,15.517792403362948,Gravel,8.416934237775928,97.89324973100209,1.213774199283903,0
6.069204362211803,23.40240193943684,Gravel,4.8600306507759,84.91145728127549,1.6324453837105375,0
5.655522420781801,20.739300603039105,Mixed,2.4023937615326805,21.902102026461925,1.9803299002652661,0
4.311495779996762,24.582849582499055,Sandy,5.314292451396276,54.20542735015099,1.3138314135837255,0
5.804593511926116,15.51738504089204,Clay,8.07082875400043,32.59740074900961,1.9011252707704425,0
6.654767576965611,26.114031570364546,Mixed,1.9095793691032463,89.04885796656663,1.7482324485316476,0
7.5280170783315175,5.273729228372938,Mixed,9.65744393831595,47.88533306534073,1.3596713328665386,0
8.284056238997426,4.985556846223573,Sandy,3.5581570453396862,96.65268424542879,1.9981573481508887,0
6.541920125524319,22.23596668215285,Clay,4.869164032084631,16.323386921291313,1.6338254908726388,0
7.096183974665796,22.278369544498847,Gravel,7.930147635863782,68.52625245705333,1.6500014768966267,0
3.832096625826307,21.015766253409303,Gravel,5.453130917284294,99.33814890553384,1.2679471188130302,0
8.242268143224925,25.707333058839303,Gravel,2.109142323269436,63.95238653857505,1.2474041321747833,0
3.993055667704626,11.664945096630337,Gravel,5.215257927013076,23.604399544545643,1.5154969754323655,0
6.435802838943495,25.670506447470114,Clay,9.110373877284067,26.374227138645228,1.260917482175787,0
7.8981600519165225,27.04967207257049,Sandy,3.6824430499561243,56.18633938348914,1.2709111199708767,0
4.165135467555489,10.646588959696793,Clay,7.443367397468737,16.030432167406847,2.0658853724167496,0
4.966196028916527,5.804955340323458,Gravel,8.501606838139372,56.1416484900155,1.7657090832555165,0
8.463210725950798,10.38236485997929,Mixed,4.838407153484142,65.22871848065492,1.3798382505610687,1
4.909488727432196,16.181444613244608,Gravel,7.306577661883301,10.250530030597771,1.943908532699849,0
5.493414046230552,9.858895263951547,Gravel,3.3442466431308127,11.390735656143695,1.2999234892766391,0
8.5839953795283,1.8726418664182223,Clay,3.193048716308867,35.6992540800061,1.3515266117144027,0
7.529582591392728,22.451578515010972,Mixed,0.618415521625745,55.51073850157525,1.4316373342008892,0
3.2096287039744356,22.589685104873087,Clay,2.6947658358403355,17.609999252298465,2.1053737439946056,0
4.904255304436447,8.012245176606195,Gravel,6.62290914634955,39.6797754470892,1.33852919661586,0
6.914114683204612,2.0284388513175147,Mixed,8.316186089363965,10.43529525512655,1.289680562489411,0
8.426977794369249,18.051499542129466,Gravel,2.485923567416606,69.88475502562846,1.5104613320145972,0
6.648773713700358,5.963535101784913,Sandy,3.466947864287754,82.51702493680651,1.97316256922633,0
8.748138587220325,23.167049144378662,Gravel,2.40754080713113,16.443573513287273,1.2803905585311777,0
5.6703047943661895,20.922346889004398,Sandy,2.8906801672740934,62.54936947291277,1.2453952124298349,0
6.22545227926573,2.3380353815824524,Gravel,8.879867043513286,90.2437276568411,1.433147042165727,1
5.999213974085671,1.6385311589140539,Sandy,4.052382151592065,67.49431750991857,1.9463798440727178,0
8.768233122430628,11.984463826000622,Gravel,8.232703686023028,55.344756619481366,1.63156480690692,1
4.712959680641594,4.722219654297724,Clay,7.70494568971745,74.407209260041,1.2976415174053058,0
3.8467805334645937,4.390381815182257,Gravel,8.907530697651172,73.7196588989952,1.289300763450811,0
