Azot (N),Fosfor (P),Kaliy (K),Kalsiy (Ca),Magniy (Mg),Temir (Fe),Rux (Zn),Mis (Cu),Organik modda (%),Gumus (%)
2.385265472771696,22.591356697745724,176.23289379273947,1207.280763746668,513.6453050935768,47.05297027050399,4.298524559672394,2.5152785071278103,13.267301811403435,5.7633729139825665
0.2939661838513323,47.122386618327006,195.29866213319326,1563.1037859173316,848.9410027402928,3.3055860424790318,4.999514817246404,0.6294067180504579,12.284860204611013,4.899078440083995
2.3642883504518792,28.28510976645389,140.35952987860068,3741.6826354850637,417.65814886398863,32.16011965732018,2.9106205677426753,0.7511214813303008,2.0665546605197886,5.1503661559127645
1.250104662954713,44.84260951888399,113.67601619665517,2781.249948555147,173.8263722407957,16.68373052775187,1.4037942549409739,0.8825223071477544,1.210934713672695,8.078500453558735
0.8292078667316491,19.592491550377837,103.14189209082349,2849.133110411559,944.9269701430565,16.04296559642924,1.4377051416923512,1.2171497702753156,8.854849890579336,1.5686632506681182
1.903639391644551,42.32866332303894,68.46119399487466,2264.0697035684634,735.4280129522467,43.95344652097263,2.5167026453084813,1.199187196811268,4.904046891935786,7.989726261401534
2.422907972193485,5.109974840567244,119.80279641854253,2708.3276458044757,135.68981980852277,7.325445045624056,3.0028856773113,0.3198178190886464,10.2000112240403,3.0947008631036383
1.0939604418066717,15.803225016003234,189.31734438741864,3921.026467211198,655.5350116255458,9.001922566178244,3.5585816249024833,1.6957692306510845,13.13127719070044,3.00957658660621
0.10676660068247133,45.11521750116838,209.78087355686142,4390.042221604446,299.6428059792598,46.40918815964437,4.25478485614257,2.4009859305617107,2.087160561365887,3.5045857645474694
1.3157895834982198,36.22464923017795,66.55473093065262,4402.934223762667,622.2002497314073,30.15194730512827,3.7677672844630847,0.8937671591187296,1.8343288534476456,7.107058435005443
1.285758039512203,45.59071110264235,223.6961793506003,1151.271537246566,147.7827676610605,47.15844406456729,4.53215277004714,0.2379653196046066,13.442066900917244,3.699720724856588
0.11296236472167971,40.562172947395,74.78638621401461,1743.7423567243213,260.3806786341411,32.97208134553128,4.342222287504754,2.6529257338876056,5.303297711447346,1.021015273773235
1.9189041160288776,17.203688485756828,263.65251091790856,2916.1998868214077,523.9174235837622,38.52999266917519,0.7233140704140925,1.820867394400495,6.991486439914769,9.943614088507282
0.964930132591139,28.400160602394873,255.5439196599029,2836.443783473246,710.9345723939634,24.8555598404698,2.0953256058459733,1.3902231440903707,13.242819735106666,4.967517308074038
2.2537109045939707,49.01246813214764,188.13679075741095,2105.9945312261743,392.3732060202317,20.868686168479215,1.8858105510701593,1.5315917615678378,9.74694644786148,1.6273192592540973
0.48600076581131124,16.04665498592056,139.96943353458005,3118.774445735157,191.77820032244517,49.6483217893836,3.376469604111034,1.733519390887384,13.519354693895815,7.684695108986277
0.5617080540394862,36.98043153737373,162.7453199243663,4631.0974616856765,272.9936237594519,48.94434055738905,3.7187269354363557,2.1739415428886897,7.23155430371075,8.916126846822145
1.8130855046764338,42.058950807527594,124.21794024692757,3251.0374626717194,786.6127261819166,10.048920820145891,1.0963890024692415,0.378565340806617,13.701835301988563,9.270719901267002
2.4256724087311747,42.476602941875704,165.97287576115295,3348.5483117311915,603.0657997547522,43.40996100097471,3.1758280894031485,0.18061458231378585,3.5246611715550524,7.306912208452232
2.343732384414433,14.876888209103639,135.71867420974252,4131.386633121865,148.17257285505764,27.29257052803422,0.5332796540109185,0.49566004389554513,10.447355787051391,4.845084967301377
0.41793366734888404,47.3586054334308,159.05349458783928,2464.329667935389,719.9005353960001,20.836485306929415,1.4470975231169048,0.05951590232595,12.816366174629549,1.5602001732209994
1.8615024215683873,24.398713316706807,220.83978520890912,1476.625184119603,494.2057320946032,6.607019881618941,0.4219157683608692,2.618298028026448,5.871731594706716,2.1670112182586263
1.4785627383499815,9.159552034329693,147.84688191298903,1691.525553513118,159.7145792443268,9.561412955333955,3.632585546179064,1.1202324200829963,8.089698992585953,3.558779826396389
0.9810044618614573,49.317496820436105,275.737161504001,1238.9364920314138,907.0833764441253,17.63165074997508,2.8390519702893444,1.445328184745307,3.3855812278663535,2.009197864079652
2.332492813937691,6.878807529203219,57.86868257944712,4416.969863342692,707.1636224739268,45.0283953465205,0.6125552950829604,2.4865903442338406,0.6654185213330415,2.7107821133440915
1.8192187814856458,34.36646852580289,64.91612274494761,4119.652423578387,666.7734880928651,30.88025869151599,2.154929421538932,1.0251627903311442,4.921652060169995,8.28065976305258
1.5121098341085992,38.90208344678356,243.8328364119176,1341.1981157886528,916.297819193785,19.19654142569294,2.742557918286869,2.71548739971955,10.054074232001351,1.3271306423096803
0.36985523939254483,31.08463743694846,104.40002480139609,4614.567591844191,173.86389003980713,3.236301212695631,2.7050333450767576,1.5096602798605498,12.105151162789237,3.450402242189348
2.0243828892294173,14.741038308394758,62.16503768636929,2387.4246584010943,998.9298271440427,42.669583083785156,4.72761347334397,2.4869379973586905,8.285449029449612,3.591546591647551
1.435015389600711,33.55381034958326,155.94265405699645,1299.1798333136226,129.44303827245275,8.974692151400196,0.8916822930195373,1.7499708509959824,11.596399349653087,1.3082461011314321
2.4571502644890972,43.437743508788536,290.7398584416537,3074.6986427351526,869.6503109033686,35.3645325658471,3.9315688474670454,0.49402337336343977,10.10681222109887,4.704525548093855
0.22131887590638016,47.77534248318834,167.9314199041883,4687.107580550497,384.5781290775223,33.44515428100814,2.356832531784463,1.4097300498915994,14.817938392884571,4.216236543108531
2.279235865167817,34.23173064511449,203.72528743159745,2803.377217824308,298.56486584678476,40.92054576759748,0.22179950794504028,1.816719119041572,8.673462872354282,3.8050714796264975
0.7723060860924355,30.794454421693157,210.79116284249415,4258.656563974229,648.8116247199221,36.97292830361641,3.0004197261951373,1.332794283086405,0.9218261667100935,3.55381431620782
1.6939151942173403,5.427848054346777,110.98747069743771,2757.388204901654,716.9543989317697,26.787184405305513,0.6126685326065822,1.9898763337729395,3.996558200116991,7.750560169974341
0.5887335679200211,6.2699602188610735,134.3866627766774,1148.4816261179974,260.9549588202198,2.562237595635086,2.3364799182540184,0.9325229726077108,1.678564607354523,7.250733210097452
0.9751450236961424,30.634862258446518,286.2873615564687,4601.600912698527,400.6362518455512,32.68031594896291,4.754399234300271,1.7580659241253478,1.5593234523633537,7.759473677355447
0.15557481153353647,39.59845504139916,295.0284134957907,1380.775437019685,691.1436456699232,38.11616989491438,3.933160071286063,0.3659955818559696,14.940964462869708,1.7465964702978916
0.16926806786774184,46.300427548144725,63.3368439599178,4661.374324538149,252.05464328204616,18.050595468816887,1.0275769648085529,1.9280130297292044,13.850117779000087,9.805227612199143
0.18824524593199748,27.69634567954376,165.05926908890027,4262.530856385414,957.0480634627256,6.632605448195292,3.1337043248417795,2.8539398570535317,6.618817014625219,9.174714842323354
1.1563986049367647,38.427403562220526,149.04172498206594,1480.262460952551,647.2442469055883,43.107009110092356,0.870344571312969,2.062284810809573,3.9205785230216708,1.9178247089641434
2.0694961474487696,42.73216574263437,141.9067883116009,4954.914068423802,922.8508763778198,40.34266377543305,3.852664383391594,2.4994998243367372,6.726170447774104,2.541055205029974
0.16210673183196728,9.51876521517795,132.781890955443,3128.0545375352585,558.9568194970147,10.410253619435132,4.7388221550352325,0.4085429780694564,0.7319085098383573,5.818252945296061
1.6176566070505205,39.91188645750048,219.57839051427268,3507.160910925371,188.5707164752763,9.574176557525144,2.6421024697727606,1.793821545870941,10.212409626149352,6.622890048881662
0.8014543636419917,15.43086256275686,78.5758725310811,1100.9401309783068,544.8452591284827,10.317025136758378,4.340227035893584,1.8757564653051395,7.436734876634847,1.6773751120795217
1.02471022353049,38.365198997646175,199.93903424118952,2943.243763062334,276.2578395992165,36.27259158189392,3.3635874882821506,2.0034252507088266,14.7201357727962,5.620135347490689
0.47506496402392995,47.330852517202004,169.04378480485767,4828.296395009313,945.564764999615,48.30132339618048,4.3834102210994565,1.3956100677917893,12.80481940328492,5.946582589871768
1.888569248819934,16.036226546290635,113.75977371789132,1655.4211978200779,375.1171446074626,25.37628920631269,1.822092589155843,1.692288534506035,1.037197240746393,3.5576154842004524
1.3556044053699903,37.213506030224174,143.06520634641086,4495.545275428172,541.4578043428423,37.78257494131293,2.6604040274830227,1.583102727426978,13.161459878633675,9.968495590804885
1.642474099090323,5.444915958450208,116.05957001013124,2570.7208904689633,914.8403506578759,32.71584692429467,3.954537907589028,0.4225300179823583,9.473324669747036,6.5693850915256515
2.1408663008710134,39.11268311625203,224.22947183645772,2944.0678581131106,498.5987355029945,29.790602368789806,3.223379418013603,1.5652856431247206,1.601783620881355,6.557019256979698
0.8907848235144626,40.72625413446799,203.48512015717677,3189.0733145177483,127.40515814844952,17.791127995932854,0.9230583032880476,2.3022783965356393,11.911031685410865,1.1340521573024707
1.8310080604766015,31.299399120008005,243.2035529898051,1757.6543520796645,118.32724256083198,42.10687903967375,3.7979524439862242,1.6762933189739124,5.147378710803878,9.15548477302015
0.6360880473299478,30.590458218208337,269.13493505897395,3514.105644364617,335.73613413761984,31.287182964124664,2.8509857834150574,1.6251503969271466,8.976639790999714,1.6188281683024068
1.1688235666372617,44.75569905018118,240.69002551364304,3975.280040153196,468.62262687616374,22.29515963251748,3.011093380442591,1.406834964610904,8.936613794895626,2.5835826107314475
1.2721271768931464,16.752190052699895,169.2943758207253,2523.936482529662,764.0672483137679,28.635308697137575,4.467024093565593,1.656007582300864,8.299673875062407,8.607943633816305
1.311232861909378,11.397321797046597,132.70549586274117,4924.12629244487,750.4229554002426,4.449482133089669,2.401278994666436,0.8587881874176935,5.50293345700121,1.1099084988352352
2.2852755570481107,29.53562571064362,55.85394096726624,1977.9111628849232,501.78182857477094,13.695481439515369,0.913199027708938,2.3284948062493362,14.695034620173505,9.16019605045773
1.0846954673502323,36.21894733757584,77.1918615140842,3241.3080455826807,739.7615960418381,28.957216461298884,4.06913718801164,0.6564891545668399,3.2990193476923437,2.00780111790563
2.084102039432557,48.06644835694363,117.70866694503616,2102.9652344362767,162.73785236644736,14.895599131100658,4.511032346689757,1.0634868855848316,7.109935878678996,1.9936117081589868
1.5627704967130644,12.648105619098152,188.2116949479484,4045.483479666697,943.3120460179683,3.0327697763598103,2.2637039469439437,0.5562997816314885,1.9901163392690047,1.2251373449033207
1.7458446209310947,19.26728564794093,132.4922359755978,1646.4777580913608,755.9004999852051,3.009682681983559,0.1779763856214364,0.4119948105889311,10.250131744262509,4.292042386827249
0.6020505257722734,18.54021032682224,56.41626068354942,1544.0221642270599,225.72295721242813,22.96173525244013,4.81899876081247,1.5776532857117183,7.374636493312633,4.832990669182245
2.3028226525754683,36.00174003507492,165.5641375011723,4188.075004594253,248.17949974098133,43.14443636934716,2.390266192444731,0.5478100035041796,13.821033646284418,2.593183374585479
1.0135915592063947,9.227154032953461,218.10395157875163,4092.3130061544825,223.98627617891245,37.07703923743033,1.752528558935679,2.973679165939818,4.680417599846471,9.059981219173622
0.5595488979580228,12.905637172973133,222.65070812660178,4637.294244412418,596.9001773360734,22.641103056316915,0.7333680584156398,2.2700471733424474,2.1937979232616853,4.600085497173168
1.7184986308391157,45.60903497884644,233.54171518218143,4238.034998033105,301.4436341683197,11.462358234805835,1.3418093739845844,0.07325270590876191,4.891886624104198,3.747327475270995
0.8617691317532895,13.462449567325812,85.89436157744377,4728.1307032705945,724.5501298952845,9.131895385087372,0.9336115150681455,0.4756515708900374,4.411170541223081,3.1202935911132514
0.16541283688375386,31.71951280848777,258.8298711520986,2264.8853427960526,313.95725196316175,25.07234204634157,3.4357921216045324,0.6326967217472729,1.7880728732156044,1.552889415660775
2.430919804310693,9.318210909758418,106.72171845540855,3062.84712278294,442.2245845398374,10.457871051254205,0.4612563926376989,2.697792419225436,12.490459567539748,9.901393783275525
0.9423182594130168,35.19043568628848,239.46664279527138,4916.07898313216,348.11203340142833,2.138952636797935,0.7281744883204946,1.8676080620912392,3.4057659746365165,7.683866844601065
1.1992712995346477,11.051673919642878,50.59743903994558,3994.684123985013,588.1181824389773,47.51797861639904,3.53912022013236,1.6800550435731005,1.8276418406491013,3.282267975983896
1.7827020722598044,42.26090713567807,162.49041612109386,2627.3413896848797,467.66437712995804,11.746226075482522,2.447186845175417,0.9326178939859893,3.905343589672775,7.546589453613398
0.44975744936543705,40.620709399246195,81.20204100634334,1008.4688385316731,330.5849191002601,37.57791161078669,4.476065194991831,2.980473303919828,0.6410165649738802,8.245440423044133
0.6993845154077761,28.181338804126085,138.93686488756634,2630.887229093926,707.157828261878,15.612404141803083,2.9977957544659897,1.7453485299052254,8.338253415520025,7.769418532993305
1.7351697978899896,6.625414401573311,188.80275280998856,4419.96131624537,212.90103670824516,32.71460256534509,2.2300660015453664,2.587940801525196,12.74359498773282,9.194869428908033
1.3276223141429115,17.57599656581992,187.6500992750877,4972.450909743929,396.25926782526557,30.634976719674405,3.362612862640592,1.6073290673279692,1.1660370669176268,3.311961405623444
2.113830263824361,40.503790424593014,122.72381803031979,4434.680497780092,419.65304121256275,41.58718011469546,3.886678507584901,0.8384147564647132,6.917984380967203,2.77427961114896
1.8111690042622257,9.306452655716257,84.17143805685316,3971.781208647137,732.6975177194732,28.080334220708572,2.0913658813918454,1.065555723084219,9.96307437312536,4.12387390432675
0.996562824161433,18.569614356970412,218.61204865553523,3078.8809690023973,416.44654185669066,7.547235457586341,2.9636470951430534,1.1307912290668838,14.222699375768833,8.236754808623754
0.7173926773103994,22.673842336978836,135.1051573298402,1113.924056887385,506.31574496126575,43.576226932381324,2.224589845629037,0.22946542710798706,10.440256875016022,8.716254417753897
1.576202282298749,27.337527310891474,273.03331737975964,3246.7345065779555,680.8792965619396,48.60030608537846,0.4809027045445875,2.9415214436673875,3.943076935322674,8.612579034197257
1.7619109160133621,18.59058361076182,260.4048541967836,3810.598045829578,361.92816596711486,27.15209967761964,0.2250169817592244,1.0764625096845841,4.133124096116038,5.6388997852465295
1.5340202100138869,35.13050203808872,181.669309960951,2604.4930059780427,202.3068316786398,27.4870318850611,1.2326900709560409,1.9440601048157942,6.932080088550536,7.187312053825818
1.1951084573024955,34.403163403558196,252.96977632901158,4170.378819614587,948.5342040454311,30.266233637245456,2.33029264623279,1.3096628889680788,0.8563747346609858,1.7213172836058686
1.2470828302307588,47.849029239576225,244.87904216729004,2184.3273597466655,362.06176076700586,11.404523104988812,4.696462109006589,0.5684695733826811,12.890111658482892,5.810787273514874
0.7559432525630763,8.479686333399593,241.832169617795,3189.712289032098,377.7674789284241,20.95651227834196,1.4934805094986168,1.2576372368391204,7.8896768083167,8.201521751088453
0.22908028885014478,6.599478797121784,79.96693865130325,1425.6155634930608,457.94187876514206,34.87922912943471,2.7765733360421834,2.8281329441702105,10.01266356515311,3.292850781554227
1.0863126938376857,30.63130680797255,75.76640930628749,4902.747295307696,909.8616300237156,37.02398881526775,2.2987856454964404,0.8458663245862159,9.727783320036249,3.1105348046173935
0.5951066627838699,20.601008901058222,281.4765139958025,2406.437839219934,530.2829621356168,37.118296726203084,3.5188057190014534,0.3922551275148456,6.456663595765636,3.740978437089323
0.6099379765807507,25.84649303079781,237.46429900862427,3932.879270477408,260.7583932654193,20.243798655361555,2.4543655040062946,1.757476621830293,13.054342179555741,5.726044012100847
1.6796035190224892,5.859501493577052,50.36823313145348,2446.7809183438567,544.0131308024511,6.423205265551433,4.595043573286903,1.3618942463109105,3.9344549311796575,1.360268346812669
2.126125435922958,10.144602029295632,54.981413398230494,2712.139808953256,789.3071429047379,31.441243530949986,4.180297832589888,2.438897267880324,5.9647426491508355,3.167041049068919
1.9550618634752677,37.260877164185445,239.0169913231079,2449.4209952324222,351.65482090335496,49.9579022544454,0.8075078951072576,0.7540657272094752,12.238503803152213,7.766934036427046
0.48820587706201457,13.33483322782316,275.97164461430026,3751.616244141562,953.2352416500873,26.801616117213634,4.023368431922728,2.302398873412669,8.89897437544526,6.843562421349504
0.1465343831783989,27.995810985956556,120.74071274979399,3410.307116168329,749.488314740327,20.981602267736776,3.9716462031235387,1.2747020141082939,2.856400092963551,7.413361775208981
1.836687166521892,8.882962995483023,263.27641166784343,4337.012177769882,410.34646173507633,13.11745946129123,2.59511553291178,1.4890801273479515,10.669868438796383,3.3658750024072743
0.9807426131593588,33.22605664508326,60.26609527787697,4625.276229007173,869.8538251037869,7.488987889109378,4.887792149724587,0.20924843433685303,8.290673645799673,9.177610735996126
1.6308908087802827,36.951171453680274,109.88565107375035,3559.039264332432,672.7348537734412,32.63138315285609,1.40019066989645,0.6639541627468618,2.2994250820219735,9.539308105503173
2.0986628119005286,18.020552579881606,171.6454819790691,2329.4962059207264,883.7732736865903,27.816261713185717,0.6746511466309077,0.24081975663582755,10.46236875462669,7.4309650215860845
1.1961512988052536,48.46914995899609,72.05446026961275,4911.276459106087,692.1761115757079,2.6536646386812954,3.30910809647795,2.9994121912168428,11.480772278787985,5.23577247474095
0.8121868684076216,20.236966856971975,76.50737645288406,4136.8730099667055,563.7688012124111,41.54018319697251,1.2599007902500063,0.1419918753861636,11.752987617803779,6.7231228272809345
1.3672973746623243,15.088555328597772,144.8705664847544,1686.4003923465018,573.0604809326608,37.28489325874576,1.2241952218425058,1.3365470018491061,5.196625349384656,3.4078617480830555
1.8410135248810373,37.094715135595926,242.7601563100272,4932.473861870483,405.79441214889493,5.139320542362631,2.5757015550314364,0.3212130878131962,7.896262359449872,6.4389241252101455
0.2341836675010242,9.294444839634746,228.61474058016196,2952.4761486433754,640.4455084871662,35.41244114439143,0.2729573792479887,0.8620753477248074,3.720228468256612,1.6779931952491776
1.5920647854775762,20.130221364127323,257.02809998311045,4379.883287565737,200.04323282502577,23.067924557725597,2.9962114160485553,2.740718575111633,11.342082587175923,8.15444562565887
1.4778671553826004,23.81715513141803,234.37213223801388,1716.67969133424,643.5882203950181,23.411549499061593,1.181328035598929,1.5988097429123072,4.412102729797029,7.563865820566079
1.5283102290319173,25.689136402490657,278.40388234372847,1294.741608116444,440.0335146438937,47.6396192533556,2.7926915089709654,1.2547493228564348,10.83887741052539,6.0088066109324805
0.2706285201898864,41.5100347077946,114.480218008753,2720.4960637374834,681.5571589410213,48.700830479991204,3.5371518052691986,0.5379474211244295,10.044642122646897,9.042487661271457
2.203876721833416,19.08949327179449,126.84301241117927,3059.280518054636,842.9338692989255,41.58484539621095,3.9281307913790156,0.8366287229281484,13.460618133192382,7.609418054489106
0.6184079944666654,43.91011694481805,87.49850891036479,4082.3976221936864,835.1689922098006,27.52947007969348,3.2641523912419834,1.107093289686303,14.686364830555457,1.8641501154384277
0.4833644178676665,38.698936122463294,291.3366390148716,1733.8359022203922,703.7058319393112,24.552671582739436,2.6313099437576826,1.478859688159674,0.6901416786862649,1.649146935156621
1.963136527133151,9.401527384044456,279.2747400117031,3698.2075442170476,783.9631020495295,11.29302268473372,3.2350200079158156,0.7500652681748313,5.2434920565839205,7.478271730529912
1.5513069050877617,47.69347112612105,256.1977210196852,4649.988313421316,960.118508337801,23.489167165762282,0.9194922589448925,0.5233523260488924,13.331464148987667,8.263428870008354
1.8147102288040233,40.12636123488127,210.21821648667242,3060.4479829220336,971.9959997460277,26.13257409450444,0.6383182498393242,2.2194659702910524,0.9341238207434449,2.7626616284877343
0.8335259920987425,27.76696567931679,79.89436331147178,4120.990053807004,688.8513289250981,37.555323092464135,4.255266734495111,0.790773589613483,12.426277354888265,2.081148359853625
2.3892922110267243,47.298333734389026,193.85715501865377,1147.8208583383607,969.6716157522053,42.45609658542067,1.4475459331360563,0.9245857620416443,14.928509529769174,9.833842047500825
2.115622172122272,13.527461045210156,120.67800720467652,2529.819777776974,981.6740504849184,3.8205228703263234,0.43274692085171296,1.2971254617888526,14.180187400859902,5.457284194109126
0.892859297393893,28.092682439868852,230.6744971859783,1091.553699768558,882.6599261544657,21.131604054630643,3.45480935439613,1.4823890159831223,4.248398097386988,4.8752353784044935
0.5995938417218613,15.210936873144151,163.29498051215654,2651.7079931995722,892.5198713933946,44.49092104860209,3.398722878203631,1.7791400671985134,2.758644067503683,4.131438994291962
1.059943273033599,20.28717488911576,130.79308580820043,4128.91914558244,783.5126840148386,6.413270601051348,1.7192527448528965,2.028201011315771,5.293956169795911,9.265140994608542
0.3644011036893292,49.79492616966549,145.4283827053404,1823.0536629242479,435.9861012704294,27.955836338901346,2.239199457640917,1.7225319971374935,6.0421824837835505,5.735029862695268
1.6643857522677477,20.688342803723557,64.39012583449353,1525.828943713608,390.61123909979534,16.04552761618681,3.2919502541980874,2.81224082317356,9.213019897417269,8.23644630522224
0.6107438082369611,38.19636158954761,170.8102336268366,2391.272728288772,171.25323366643198,26.7492880496212,2.478866438669442,2.2491635394660117,3.858699425822346,8.00485793731754
2.3100979206325762,37.805465866883765,172.27534588149223,4247.853853765006,950.127077803482,41.769519073544814,0.5008452568908786,1.6489139677396927,8.880938055678886,7.312070607568064
2.339813250758309,29.36071106090326,181.6560427861148,1465.491813871183,626.3089277370358,6.610379506407842,1.2119694587915133,1.7673053407046455,2.9723559977027834,2.044553982834689
0.4974155186162581,43.51384571971068,213.51656716943904,3353.911733439873,424.1926351750969,25.618836010002507,2.619556414622216,1.956096969452593,11.885671859118492,5.479286751354297
0.21549194141529374,35.934050038914364,235.204046617927,1809.2752205973545,261.75568726297183,11.437405304333494,4.584138940108937,2.8558816755808283,12.18335691569027,2.461797363547161
0.7554451180848873,46.353352434675784,280.39696138458703,3332.4961861255797,482.64111386091196,46.816389351115674,4.771378795348715,2.468019340612011,2.5727457740402437,9.797684658489406
0.6619846995387688,49.37883011914954,271.8565434556284,2343.5810231149953,428.44735831323266,3.608318827794207,2.2232997006118533,1.6367589154450535,9.055454953747747,9.353832475065355
0.13292089414998162,46.27463883868061,79.35702165948334,4972.226454893938,607.0903384589046,22.339322019207973,3.550511004084041,2.372918411211889,8.019969430802732,5.998024495902491
2.357250002430085,16.989799732195753,122.47619352133958,4182.452637282803,750.5730472715657,8.060896500592332,2.835844079360153,1.9674964507261383,13.165646416175049,5.2363112044294775
0.5243887955459388,38.252785374411324,124.30798713884981,3655.777234524337,317.1140405530206,28.463923074155225,0.9962916077541594,1.1246555827836697,13.60174063620298,4.600639258427048
1.4626740366071147,47.510545173597905,291.70218096185215,4070.8557266310845,654.6316172159187,16.22916378447637,1.6009256862815178,1.0816547800929408,6.823698057692682,1.6904540552904455
1.3895267424439355,30.18219830430379,70.8589895704661,3835.9975584877243,636.7001920243673,39.788626973244675,0.21945125501790963,2.965918336543426,7.015516101201881,5.962633505579881
0.28235199022293056,14.445735057536409,53.66315582009466,3819.403626385676,966.4751315428845,27.487236133110578,1.5315167408604948,1.2046716172202478,11.719542850415884,2.7205441526213474
1.8863640031223599,32.637461268453734,76.11368943279419,3789.05251900307,251.62850509565163,18.31697025257503,2.953826597059318,1.0454126229733076,13.323299646019759,3.9816666942261243
1.0854322331578763,17.542250628295456,207.3714305549286,1875.9194619760688,496.5502938225549,35.5448808521369,4.065053312040417,1.636933703609529,14.96665964517963,3.2168707069749845
2.312761687263539,18.949467122315454,145.20006349882198,1441.013700563654,117.17556924380389,22.028145684004095,4.39071116403542,0.7992354438558242,2.7777573854793243,7.859579759671178
0.5466528919528987,48.79985197228761,261.564187250445,1536.0564338133074,673.3567444261423,28.597024656824335,0.31394161704802137,1.2165959253015481,11.3627098807501,7.160437617477522
2.1649159140545073,41.732562279521936,252.09274056559303,2428.980207569242,833.8927829742539,36.472705450173265,2.005493717099598,0.17926857627778942,9.784129587630897,7.754052666813662
0.5995729215092683,16.588413600590343,171.1225433310761,4410.93390885233,820.9159677794114,23.233873719340096,4.591289573098281,2.23288062794835,12.476102267043972,5.637367717570049
0.9219513076544977,26.06594275440923,87.92581010618477,3349.0788439579474,239.72177137686066,24.172328041093337,4.902981159310457,1.8704471018999882,12.554484702609995,5.70161449137424
1.2634731728752566,45.30401524925261,186.08284265543142,1134.6935846116887,564.8736259746008,18.96403391433976,2.0421309701367183,2.2343897482859596,7.057682664813416,7.970740238640789
1.6829891593002142,13.77698195254107,242.87845205850965,2966.6418999669327,921.0096622900713,34.957115415796146,1.8893033835036521,2.403685344668746,7.603590123931843,5.530233708582831
2.2271068789386366,16.512837717878742,112.33303123672272,1130.3660163955183,292.18554739050916,30.04870666354035,4.670385227548475,0.11332083307067145,1.7173785671278154,9.627578592575519
1.7255597284265052,28.92252177928152,79.45114444390498,4578.573328306893,681.8798988379708,17.922416210033703,2.9354127461003574,1.1543236251211302,12.622940233896662,3.229431397008308
1.3194636238517499,25.273438343201445,264.8461608039139,4451.948941385623,257.18713599786645,40.84290478456725,1.847760641837052,0.45149981738552697,0.7598316939563078,1.7355287543545725
0.47634294847666414,33.0417788106989,269.9630199607327,1367.1661191990654,149.27487379860315,38.32975446688742,2.775410423966704,2.6261684440680524,6.089684918022129,2.040300695865311
1.7742400343623357,18.087278106347576,171.95163541305735,4883.178559812335,991.9502763265563,11.930901571076271,1.2523328999740069,0.0846491360588229,4.762717972786647,1.751054022149002
1.9705558325978072,6.368122168338904,268.9242113373666,4115.627657589708,580.0461644336324,47.56621699065228,4.884184575511549,1.1107720768484577,3.689636988062131,9.347633736335613
0.938356363527141,27.474586108548426,161.44022225707135,1106.9329044898484,733.1235478461576,41.1736631916724,3.0402965794222387,1.3994308020812358,1.081094360590995,7.2893682571902785
2.4894320292497976,11.95889622125899,184.12099166280666,2339.006462719488,217.53552588572387,34.602758437306676,1.8451208087521342,2.4325228537013825,11.987586230640698,1.0280251282986743
0.44231723071830253,9.340423125499846,297.5328678896765,2487.952757537343,870.987800883253,2.638276256701335,4.567646291762701,1.0872788510395208,13.269925705378961,5.950867524677959
2.1415614591889796,23.805575277949043,115.66984087002078,3797.8954154395446,536.8223934033272,36.41786350067357,0.3946913429814429,2.70736675934912,7.522386573143037,9.315615266109509
2.250546029707878,48.29217785875781,108.97396078261016,4001.526822089294,282.34602572639017,18.675274693971822,0.9197790292960413,2.446481439059672,0.5475280546658022,7.53826945918356
1.411853999956967,10.199214276221028,135.6704189402967,2559.5552383417703,877.0273394190938,12.466296860297103,3.8457302619881104,0.36832785671500234,11.467398724241573,9.62429548474062
1.8768661747191804,32.547377907065865,61.24637327527786,4717.519771903188,841.7231284619464,14.62644114300714,0.9592982904132642,2.0138043440771987,13.189922437397248,7.108536923674322
1.622162179488493,26.47478087398329,263.2819711632703,3706.0637365372827,970.6671482103509,44.181933901042164,3.553387083994142,0.6555970024137787,8.737661418131674,9.968670974223617
0.44859844201084953,23.03788428464027,297.37255953480314,3438.547406428223,446.2538916132935,6.7820831008609055,1.6550032119120528,2.958062101826324,6.73744717878852,7.228640401767986
1.2934562936485252,28.62387884407701,186.6065836395911,2992.775909571397,894.6259217480393,11.604029135413514,0.5711905361048827,0.6266144887701385,4.979064066626121,1.6559564227822627
2.4754231849850243,15.223729827747688,206.1782867790331,4493.0180204609815,817.3924149788569,16.955850546387932,0.5118979553725663,1.5967822877763551,2.136828607311629,3.635409605221793
2.04454714337433,40.31962461387795,249.36323561021945,1205.3967755278309,842.2989388286619,16.06130309467381,4.876451966595424,0.9327583675390185,9.79913802041648,8.4447164952824
0.3120877159493329,40.56145276339489,214.05502695564886,3350.098286116906,650.8145342217491,47.71766664661745,3.1770969107249116,2.0824919800245656,9.091111790842945,3.4061131386620396
0.8475098944201571,27.397456066358103,164.40398846734922,3595.1549591107682,942.4421931209172,10.655047151511612,4.972467368225686,1.6512438428449652,13.223807269508956,6.166409928502949
2.312110058757876,39.30646435246557,77.24676312491778,3704.624536827186,394.5963751445923,6.085856907205763,0.7877180048660392,1.3320954839294006,12.953699969519086,7.7888076575733285
0.225588052208336,16.913920120695092,180.57972171595287,4389.44715683114,182.9826595952307,33.98567888841379,3.5775454956582817,1.819113810356368,3.3656046808273405,9.889117458512695
0.3969921072313036,22.032865371191676,297.22791788001734,2674.7876166563674,174.40872265729337,3.232078992308569,0.5580205638285207,0.5029829579402555,10.47486169193745,3.6754887038831257
1.2579828711338243,10.69456492126999,219.2282813248453,1387.0410117725962,879.6640824740847,5.219754164599976,1.525136474055082,0.888074281508045,7.403023049688778,9.202627051908625
1.624268001383882,37.70130313416234,98.68878762823934,1028.0700288299176,627.2959874224108,48.63886385974246,2.8737003236441123,0.2443969684711133,11.9337166357168,8.841533066637835
2.2346350464637545,29.088045356282727,65.16463665115816,4720.751854346021,606.7005270401187,26.021146485452487,4.404073980644581,1.2294795055281875,11.518635675029365,3.9469774244784337
0.3516681371806625,24.145645649380107,185.24709358393739,1098.159529529426,854.2769313226515,37.80004727759379,2.3325185994082376,1.0817758192306217,0.8589407980510393,9.876679538534546
2.4264240706601155,32.09072623037771,256.57122071849926,3017.9469808859963,521.4849214460114,12.264058619014431,0.7215980101235114,1.003858539406318,14.944088132536585,8.265277936282597
1.8885742334808286,13.556683403909414,85.91971107127011,3089.9459546310054,465.8237441664224,13.915173418930205,4.9541609526117005,0.4163417521359761,0.5231631196639771,6.570451465890234
0.43192335146559724,25.759921769333555,148.8938606071846,2272.915519341277,559.2816670252573,28.870306731175546,4.439337713060369,0.8069427287645767,14.42160208760258,8.266010871694931
2.194351609562829,12.164113304227136,79.04620943572777,4604.196580899108,423.4995914012018,49.77881717630499,4.488216168740989,0.7933978327153539,6.637849728029059,7.963036827729299
0.5838026596189618,39.73035772101772,59.65986932606327,2727.637179038529,377.2296055558461,12.818794984630792,4.370819476433271,0.13547047334494378,13.875855053324134,1.0034920024968252
0.44131259724820493,8.87144062658945,293.17825320067294,2036.586829401105,984.3016717551305,18.300339215018422,1.092869511137886,2.8474455231228135,8.13003122018743,4.353716028010915
0.9889499826728319,15.633170479102679,247.55739460888168,2161.7412723358407,123.32507244422504,40.45098853792045,0.4114803658317243,2.3777486624183184,7.580839801731198,3.786143720512805
1.0333721662961666,38.849627621583636,59.96626245739243,4884.778757139435,802.0866074096905,39.39741526365945,2.247959466521451,1.3671812964484789,3.446396046641219,5.748356186006729
1.873086880831327,27.488982477106873,256.36597954571425,2996.140271883034,329.1384666130882,30.431803972098244,3.188207178420873,2.9432593391122253,9.813559602025002,2.0174230605805725
2.1087143265720427,37.42421640112121,249.89024014976263,1503.080478443202,844.8091410632461,32.15165182248697,2.5774348770542943,0.8167300022757052,5.840159874919563,1.3904192570280378
0.8496610167917917,15.173945199249902,74.10052380399544,1501.6787858853288,746.8854993850077,25.61408207119171,4.384751115904517,0.6217907304921135,10.762764452779434,7.08364315973588
0.10512047406942263,47.99076984959094,237.5281744224,1275.9218962027212,738.917319119363,15.533287214437266,0.2822112073968749,0.19826800122635335,5.156308738324935,3.9937674330407136
1.7608046925187446,25.378967784240032,51.52758670029357,1664.3900175950293,237.36703122782228,46.27281030357483,4.397040558448182,1.4000476277690956,12.392124308483739,7.5876895234631245
2.2037787154841304,5.604658277261501,294.01366612129254,1617.840191014038,223.8674684428696,31.285900101429412,3.332383687833099,2.0126961410744513,5.099759259580713,4.300342627642533
1.692165832547553,19.790085407764188,85.81721687185369,1782.3496947046947,335.314597779535,21.525403111017063,1.6226622931612105,2.580162878793631,2.3244338407412837,2.815245816263115
0.8628376545866275,43.749723666983,165.89059478615542,3764.538573070564,504.0255413855,13.9708620408568,4.783724239468546,2.7320816288972947,14.307336575647673,1.5374330949549329
0.2155161383324847,43.58141944027202,82.26444816165454,4805.635381367198,953.0919234162795,32.30726850091557,2.052226373874197,1.9818399739986108,2.9100806780314685,1.8540432779809441
0.7022139967636577,25.50337012640047,118.22150835485597,1301.258286093272,512.6855858513798,27.776710090694316,0.13997770685415173,0.9072911375540336,9.693282862855499,2.6852503528697715
1.157802076436035,37.52237618059359,127.57332796218388,2996.6103165456325,300.144283118669,14.107910868054276,4.458609678537835,0.46004412957526086,11.386952081965212,6.992961715020611
1.2944388917831864,35.68530879182008,104.18944372879167,1341.2233819356718,900.6659900108173,35.414042940718716,3.382460797992266,2.591250534196907,3.829763984101066,8.45302378268957
2.00535610956727,25.80275854816506,247.97805589469556,1837.3042869501583,485.621264497634,43.72829104608902,0.47664171766842545,1.5576564252400458,4.716028140133265,2.174594973824912
1.177929688744692,13.669908562545046,206.10087955783442,2724.065250051306,856.1658855723101,15.838673966899167,3.811159128088016,2.9498225518126575,11.80284750509386,4.795204797236043
2.0678268231174353,43.122146874881814,290.3668556135276,4312.577784950514,862.6503007080973,16.00401670405873,0.4692117081313659,1.953865340018935,6.866109384710384,7.383934197397471
0.567084760424956,49.10398157196846,282.38251259760557,2536.962649652599,377.0960425395087,46.828241559486855,4.659565803020522,1.931666490706091,6.025067589608831,5.5807213052936175
0.8630802055657898,15.273664779095595,119.01456488604086,4308.57478168814,976.5374478748193,35.05482255927406,0.9367858093601137,2.544641021337074,5.678190182605712,2.2970539812287365
0.3390900695247514,20.027908759325527,289.3535823868825,2722.3215249894906,987.507147028082,25.791424389657053,2.7574703552157622,2.0800737791234982,11.531353413576499,5.926146600309522
2.0437033827734665,42.17978628089645,114.37482832238727,4615.651585054653,180.2393963465032,29.518176026148925,2.998754884597611,1.8278981010353357,10.722448365271866,7.631133101891782
1.8443832536916307,34.837594421565896,133.6871898011776,1827.3563133549656,942.7374427611737,18.041647197102506,4.7292205234372195,2.522202468483677,10.3907949087989,7.153048096597399
1.993501726754077,13.734716141295719,131.24546745761256,2267.0748475773735,706.7268761608817,3.1061451554235298,2.9137689157065783,0.2515236678582557,2.042038820415021,4.850459576515094
1.7309121907827436,49.85458741928413,295.94367302450735,1110.5345592298202,162.1955455319558,48.11958048310461,3.975831196389306,2.68606323449886,12.431972116726142,2.30070322999953
0.3721875696605653,7.764783136417352,289.2933339251051,2846.114243230208,375.17842225963784,6.547028105362218,4.493993154257817,1.481763162481034,5.800762167623034,4.807144003280238
0.8140295551905309,26.432875532556448,122.25982037318788,4218.1024924402145,333.5031627447996,49.59192025975351,1.9899157358871962,1.7988589435435132,6.016919010271747,2.428203828540849
1.123289163817244,5.105088334876911,182.27533623088934,4249.381067561541,400.3427164534249,34.420924587136795,3.1683760790707534,2.893387615409399,12.610083381947032,9.397786074100388
0.8311098835930033,21.166372875129614,161.9627919479611,2451.8762483968667,387.41895667061897,28.588476650495114,2.198872385818104,2.05065244261801,12.90787444387544,8.025224798856222
1.3278855228160402,23.84751113969897,102.07471213270404,1418.7376442173697,789.7900473458013,18.905531320972514,1.8918542431809358,1.1148694816217821,13.898763358209134,5.803282620056587
1.3641856163992934,7.462579405243126,129.13600857505784,3591.1157025681755,442.9690897072592,4.424931790183566,2.7344159957836607,1.3419281440946413,7.467973102225539,8.478933665882579
1.7292071913563194,16.8157673440964,182.6120035374281,2846.9729114014626,308.5775114680852,10.022484524342673,4.567651100589661,0.12060917649577695,13.219658987681894,4.279629800809809
0.3622488364103953,7.646673968368507,233.2350514246653,4554.361529790953,992.7051737112786,15.833413321820473,2.969192657818366,2.079026178804607,4.317205726178921,6.364158465263573
1.0337497666002469,12.316186735818825,152.22089991647204,1932.091843236144,913.8098340820384,47.4757020532458,2.2613799068359346,2.7412566678530226,12.480012317227846,1.4268101473267991
0.15752877837927742,13.163692149441411,238.00085673812148,3120.7672757243313,337.9021406416239,47.43964618945141,3.348899465265714,2.89001933209542,6.370306608995217,3.74085748278973
2.1939369295067626,44.810132771508414,146.5582723530276,4329.868468787656,453.9887063449741,37.258821053380885,3.046138151639794,0.22134237050003203,9.364892560683622,6.9673781452060135
0.1440897195478609,36.07563307645974,252.79653872991037,1073.9670649580705,536.593949542897,23.575564351497967,0.6358612857653758,2.734938041606382,6.021718121386291,4.066586233900107
0.1774715236461673,8.69568643282743,273.0098744922759,1897.1955877323635,395.80790711236847,25.929917687736122,1.512939152079796,0.6826409701318094,0.8315436063688335,3.7317684810769194
1.3849026346973672,26.83752253920307,271.51947430842847,2707.456410336752,709.466594549947,34.676749144245946,2.1100243315750977,2.594542694363769,7.893327145976567,1.510666003023803
1.4209892844075906,45.469187735145894,197.2452987078603,4522.119484031375,341.1655739871875,45.90194778482609,2.686636362817197,0.4523229428358432,3.3304448065658,9.46516559506956
1.4845129269908717,11.723614622285735,214.0071967681108,2831.5553750507033,358.89665226063613,15.142824393542817,1.4673877293274566,0.9207053268286224,8.710290290239405,7.412306026342683
1.1998691676582582,42.49154117216036,178.86114305417198,4509.6133018076725,333.25208694482717,28.08287628442519,0.48599430916812913,0.7498878091997064,12.3346253774192,1.2086904268065872
0.779487038339273,37.82305751789757,216.92026862625346,3203.0251949666153,989.2392683329241,33.5872589659309,2.4122514004745566,0.708238558026756,14.792346432012419,6.858648043016882
1.454552764042203,16.8654966399765,108.01447211773994,4909.264141429424,463.49041574258206,34.57225297858598,4.053855467183965,1.7204676036731876,10.76194943699939,8.211986353020794
1.1966369718197887,7.252932654179961,215.33816860271196,4799.746492290444,299.9038314806812,41.55047505253076,0.2501652607016097,0.14075971610297638,2.8859674461394724,3.959095814884419
1.559185841682931,9.645937392380942,186.19933335658527,1914.7232505087522,929.9149386255455,43.84627746009768,2.640895062452033,1.9285639875530096,9.467488307117243,7.972162526560143
0.7842372277323174,48.45879880747384,210.2748932964771,3070.457511672438,208.9491355890637,35.54205441631852,4.885079713664205,2.84061622702934,1.7463725704521151,5.669085457082078
2.435659988671424,48.89011220858896,233.14099801258382,2218.7785589925356,374.5243678303172,38.4279703647121,4.921111837802988,2.7492706220667333,4.676054745303148,1.6224587604164205
1.7932973891631514,36.079211807109104,151.5497110114571,2030.874860119036,234.79259924078525,37.98664363733104,3.661416435016819,1.3436933520765733,10.76434298475932,2.2878172662821585
0.8134265960289285,16.595112055294464,189.0093552758051,4296.269778757208,131.34492299601362,25.995068186415324,2.2902624317820175,0.479395594789156,6.825804884569958,8.876148793753458
0.34409040528990065,20.221970304678408,175.7427072126567,2737.4405814085903,952.8840314957632,38.92199740807969,1.5245012282794308,1.098057359109746,2.7904564345575404,8.069143095836157
0.4347903599774088,34.456520211467435,176.13057187061622,1745.9400380723987,363.13782765628514,19.940043650630024,2.305491224440789,1.8458561019699087,13.400932523111777,9.112725491021646
0.8344390007051113,9.907776413228891,256.3039272713733,3799.9810662704517,868.3296070878405,13.003080089128174,3.7001280383040362,1.8088653139340132,9.551817762469902,5.437400753697213
0.5278009070251273,25.58898895282608,180.78163132529576,1648.429749128269,456.35650198454755,13.988275260526922,3.613196659840595,2.1493667879367764,5.054136220294442,7.7666763201236995
0.7245262974687128,33.30607402850855,57.73694271418632,4740.804082797282,538.4667554031118,43.900067604564015,0.553449619810059,1.1217394060858656,10.621150873427787,7.3625765985907945
1.4224208956215092,8.679407153527325,176.00805313058112,2760.5984159493737,730.8724657375902,24.33147458863421,3.3662608782265995,0.21049151564001983,11.693365816474703,9.959792117327343
1.6830340618070898,11.456955287348634,133.4655857125116,1264.9614495828043,718.4053723059852,44.13106193095331,3.844885911189809,2.826673479781966,2.766690621904659,6.029143396266432
1.7835088948407432,47.84582090280237,174.50865536873414,2872.848704005552,905.1919101590328,45.05811742271928,0.334316082658998,1.720996271995056,8.462346025713163,9.506982503728546
2.1471287051104677,16.01258921815794,117.70583763952493,2309.7216768625294,529.1405990307284,42.01766326638378,1.5294421457162588,2.050324953641723,3.2212589795458384,9.054516227764976
0.27457040262129284,41.23184271651162,221.503551863691,2303.9266768026037,811.1536226215605,18.07399065644065,2.093471650915677,1.8946036568688491,12.89872844468793,5.346978671494837
1.097464658719522,32.40923007890723,155.26488028320705,3473.987559608621,269.196310425066,8.594450721300625,4.671446695401198,1.4213176381230748,6.686335831199622,7.0563818094286965
1.0410207545889651,43.05813570819025,137.08156331472733,4931.1004447600135,303.86665449758016,34.040576836144645,1.383014648891834,1.794836792251662,11.68652472292023,9.228195222074458
1.8253347211391546,22.593080041018347,226.27611875593166,1906.345233270406,688.8896088755047,27.038554009948356,4.318753308029254,1.220828450068152,7.654014559265548,3.496223502907766
2.0133023554819447,20.541449776610484,126.01418563323692,1247.4003391083372,818.9215609651039,38.94126267908578,2.0458745017755438,2.5164388136577687,13.24655405932174,7.460449153737332
0.6242536576476555,45.89890687682532,60.23104861134355,4401.170197772311,203.5860248386183,11.40045029191699,4.942100799512798,0.6204271221344148,6.548000728597193,3.058086978021972
1.1012387830521593,47.4849465210344,140.81400035294115,2161.7151561887404,740.276580798488,39.922398477980664,4.860150623950572,0.17235002640827304,0.7261651427721372,3.182512813980538
1.7016974632339337,24.631841332432252,103.89741832738363,4963.80128602976,361.13851955130224,24.704254277079226,3.8147917707718464,1.6102816407920733,11.559654858895383,9.451914242157178
0.8325713980395588,12.56811920503075,174.0438937386096,4754.473616425514,958.0720106551832,29.369423147529872,1.766216000147744,2.4830155220968027,6.677394084104277,3.1921366348343128
0.11473496553547778,23.8730926568408,225.20266217255815,1805.428986638673,936.3204720141348,38.825502936198184,3.981803917570309,1.2164174112587713,13.959827486574559,9.401116900698954
2.145579104776809,47.01326870672617,126.225679225397,3003.9283442932137,978.0115791070433,48.82499243040007,3.9800730286376673,1.037538305510178,9.651364951619868,5.072327864670156
2.102027205633223,46.98096689285504,245.07157695830767,1604.776512374502,624.1297521071947,9.631683867765611,1.0215651500314664,1.2422912273684716,1.1866689552010639,9.86882863191592
1.1551555650260346,14.486759365388924,259.8909505685137,4118.454343341444,702.8266894385903,40.56869269538245,2.8651882697123403,1.4724797805867071,4.613360264624602,5.9042737083568415
1.7055340601685085,44.162770616447006,193.98648418533276,1706.4843485527792,933.2426691092123,11.845576447866948,0.8039435493460481,2.91590123448939,8.086039096638784,2.946211453916982
1.4402882782792168,49.243104394718586,77.36942862557814,3747.305224012494,748.0882366955218,7.554548601132211,4.356748795948408,2.112055680419146,11.230000225660598,2.3636064664178784
0.7854126154701252,20.657884980848298,261.1264421342414,4735.635171561833,309.4582527797721,42.990251442123494,1.5634212290616807,1.3681793090574805,6.180516460779202,4.0045987262025164
1.1040156460402732,17.983468117092347,242.89507139835052,1996.9705334456576,829.069768898347,34.306619709463135,3.5055215571562233,0.5594735294270882,10.803330626456495,9.443163540808438
0.6993271308738924,35.17847200118713,129.99919294673703,2092.82560502844,809.8166075433162,46.5504411466821,0.7993524706438926,0.5215913405581973,11.305087414938518,5.2556679212845605
1.0119065086234713,13.265689295543122,148.83766715308877,4270.981737750811,748.4882549243456,37.718076130974325,1.1871223331519283,0.8012846335757219,10.196691050443727,3.463288773135064
0.31395743336820053,37.374293987192026,222.9247108794904,1314.399042802057,555.508307510509,14.782990366167807,2.6317161802390587,0.9603096444449405,13.03773063685933,8.337685076213843
2.3178487792108644,13.646721447093588,291.66412960326954,1471.5270062224506,506.1167227614534,33.395788907506784,2.34215637324557,0.6368806144123238,2.696144813515053,9.220890130484923
1.3016173827896915,12.323482911091588,83.12184627744355,4735.871718746599,343.0986499787667,46.977842273043606,3.5563259053664416,0.9717439543396647,9.216211067870908,6.645180929994992
1.7127726686040057,49.458752935243076,296.7837600310082,3063.052660492218,195.29988491522522,24.268083697195785,3.958492673042637,1.4404260078986841,13.66841330954604,1.2068026999727341
1.3528348948235445,32.20519764272224,178.02729914526208,2067.331725950805,426.1256388178306,28.351886897731283,4.667823070808783,1.9779001258630766,10.845464099984175,8.281385455985163
1.6512770601227567,41.18779781998986,289.03955533271653,4270.729895916787,882.3116373257529,20.17114568780891,4.330120669890878,0.5056511775584374,13.305331895402038,5.655000807520042
1.4303296022863927,26.21106610753457,116.5537462428665,1450.826132674523,584.6724322568446,43.658297731612436,4.120295999635255,1.2489893271299652,7.766704005614601,3.455114110593603
2.2549612847733806,13.710917255905468,281.24514428641135,2772.7007277433986,290.0500383391959,5.14526597247322,2.7680572932461063,2.776446680905018,11.58687464904337,5.634437922097634
0.36589535939506945,47.12213673848968,290.59375040217225,3142.3573705384,850.3090319308678,48.91738812389336,1.5171692689497105,1.4626905522034985,7.7967403147877254,1.426948080492858
1.5897294508017075,23.115197779913057,108.00430960719927,3957.45996646199,506.93078723283725,38.889595491424444,2.5255065052051817,0.2906064207461265,10.488567187981792,9.589148867290989
1.095110874543293,34.32021370287885,279.5873250545005,2476.672236465024,250.4410844564554,38.08188688068214,3.410436417486337,1.4871234282804209,13.238619825791064,5.140609311137187
1.9678218540000638,24.712685467480767,136.28801302107598,2059.1583214587563,826.2192676423084,29.24054997985897,4.9393767314641455,2.5048621620832723,8.700194684439296,7.475563595057067
1.408085566253589,20.100267049394972,98.56546922893939,3467.9635577267213,592.5763017152115,7.8131904978477476,2.9564517656590055,0.9130986602267558,0.6609500217459643,7.012277922865681
0.6721281686407389,34.539478006100964,294.2274524769301,4098.974489214118,871.2793013750439,45.348186066834764,1.7226503690066477,1.0122071483414472,9.53718805879078,6.779517019304434
0.9893264737673337,15.396034991300672,197.50142160582533,1507.9751034828305,836.4233971703845,11.866861550476532,1.586084323998415,0.9095796426750178,8.745551125726491,1.1693029881635786
1.900473914866923,34.177504875394554,220.14082602749875,3820.0621054139206,445.0514783215104,34.47532343200523,4.770398985915025,0.3615274766627499,4.406033636221997,9.74854463930008
1.0188080408409212,32.00562446030764,164.1235016361874,4710.57834343805,972.444390108463,9.8256147232643,2.3964521801905834,2.309019850452688,9.547647447616914,5.033711711218173
1.5254575959658643,28.41110858209396,254.69663353444287,2534.9048538516163,762.7076882100567,36.93094280463683,1.4328331135322145,1.3814587571725412,0.619645593465908,4.515711409773575
1.4641666708976182,42.676170913921986,67.3057673697212,1625.3584467126143,842.7809853290826,26.158801570842826,4.298041807912204,0.11744400076810452,12.281362443145007,3.172833034371756
2.025432590354618,23.48901897810396,230.58388165464828,1845.6233990390554,369.54693967429534,22.431652625246564,4.54700442834681,1.5823279376080643,7.42616943270151,7.984904881372397
0.856393264359649,23.100793953568342,112.66512224267703,4058.8582040238916,610.2580324038207,14.249928855704699,2.305116563553214,0.6824342453686372,6.020169913552502,2.0175891793877874
0.2830481168889304,29.176260376000165,85.0869020262322,4467.4990569990505,321.78406008789864,20.368239962757293,2.332138257934358,1.0928007851707895,3.386066547796009,9.405224031769517
1.6588780778169534,11.364198170367182,239.5392106123442,3637.4879277290333,341.2142319465573,22.78235569072643,3.658330045559152,0.9523217954355556,3.9122036447234096,5.064574619468778
0.793518840932581,30.354541767527863,233.83028230243784,3213.5150211667305,745.331855155936,46.060348834641374,2.974725242970105,0.9811492272276475,4.446212427141347,3.5714213421824494
2.281703242880155,37.48167171347811,256.97529469947875,4505.566002989313,961.398413920618,30.87081949434635,2.682551842140027,0.43874139551997093,2.119060340641308,9.284702174848007
2.3915802628168152,46.541444959981725,198.54081057896607,2249.445417500805,443.63149519019555,7.175919969124719,2.8957111899651173,1.892538718661703,14.94541276753491,9.451882694741213
0.4543213400116024,38.00374489049906,260.6858985525736,4831.315302196159,857.4853847549765,21.312090204705395,4.20692794416725,2.9695330809841765,12.40886063702391,2.1586661005863177
1.6798042954321841,14.993649434944391,284.23906885251824,4625.626362427429,560.4424315060185,3.8983594850822527,1.4567896668369016,2.189863171964261,6.134284316563861,4.076455588718037
0.8674264358843591,46.18189928230979,128.72207058094415,1323.817305501815,235.5139106496317,13.91573670956974,4.4229006888207065,0.7004887001871697,0.6888034898227706,3.82192076073462
0.7283278504115036,10.811957753960215,163.44760050785987,4215.965335031733,391.8162948436286,5.92670991732091,3.1961274089327025,1.508396804585819,3.055180203761417,4.51773121756093
1.402865431725024,46.38051204339168,81.62786105135169,2395.8010208923847,492.57234377578544,29.71806861614759,4.5516868082482365,0.768941216078607,9.519780413450423,5.956380378982824
2.4779962154289206,31.701450828581798,111.32978661349716,1134.4077639579018,355.40385589372954,47.58755005586872,4.0548414033198465,2.386178553247908,3.369388541594798,3.005180699830083
0.9464681959759224,22.661570849613778,142.99287968740785,4844.739752136058,499.94943602515264,45.998641463139435,0.8296403600486614,2.895219171209598,4.628411075539924,7.571643889068553
2.137464018258913,37.59119628845237,206.98127641712233,2500.1993822656727,937.2109240670441,17.943871368907526,1.4676079906575543,2.8135239317586733,9.20641559520052,6.7906278103688384
0.5560944840126542,14.548737763068498,202.35502929809243,3050.0190102572988,781.696396503074,20.69665456246919,2.8116641834454428,2.586467606071128,11.724008264455575,8.507152476276499
1.4802989149260164,16.37294015272993,84.34567595711624,2658.1182040538188,619.1462442143687,30.908594446663486,4.070758894877013,1.3815325053706329,2.2184818035312643,6.087249368006617
0.6024432042236662,31.799704874627846,96.59115356032775,1731.2523004059522,545.5535354449466,49.54543854648779,2.8208208122925273,0.7383364074455528,2.1105059664241415,7.976943655223988
0.9361299696181791,35.45729211856957,225.48750281099467,4183.561898777958,985.4755123715175,12.224280246634569,4.251108557721034,2.812165925228658,11.122549667197733,9.915533316975251
0.6386246309136421,39.247521841767494,218.64162429280938,1882.0570606637425,826.2574660683591,39.186785383497586,1.9888093808108218,0.16710106021963214,14.499308127428854,9.929687951303256
1.3080691857428501,40.094929546744254,73.48358608575452,2551.6409327921756,954.812430313143,43.8071274866403,4.3869818864805215,1.0382728023312484,2.701924844337631,6.007290628792665
0.24389755197927948,9.828363280007181,263.80157521815147,1491.0223526207133,480.05326082828026,17.38142012727603,2.880853835978974,1.2507687172813593,5.1419900298580075,6.53000215602637
1.7590941541718654,23.441069334573704,208.05941945186729,2816.0923480068977,702.5082149934625,31.16642405211314,1.3780650369941176,2.239720643015024,14.291612279792385,1.315605282050624
2.1126420597747875,35.35589126634358,130.40550366782122,2865.5509892207824,715.2461125555899,37.22798540857082,2.9487347224184304,0.06849144883797428,8.976755093013029,4.793235421361006
0.7902360540677251,26.415491275567582,87.63032486289048,4483.195470357541,980.7763354310395,17.030670963850277,3.6246203611885326,1.668252235427567,1.827700181416667,2.7034211752792086
0.9684455691034941,14.877571027115186,219.8490245221324,3480.4957065908056,400.06665205561086,3.2140095812590843,1.6285310378363067,2.5992786255028077,10.460271658159016,5.776139547197329
0.7382981775610481,33.63927532386997,296.06744254427144,2339.2721178749985,597.1528660767749,33.551476876874496,0.8041839625071927,2.7965921821561053,6.859844667334809,5.589823732048782
2.301780417556486,21.71482940010018,92.78155772691264,2918.364101414819,692.6279051219226,28.33700963107613,2.0291184319062188,0.2201475568037779,11.071586301619032,4.4396265949686295
0.657014768196456,7.199070129199585,127.274219417546,4161.048470553087,211.42049534370608,34.780208964757136,1.2750003653983628,1.2830862866398631,4.538882068304243,4.6380377398902715
1.5087738831021162,21.75130127415934,137.58507414029887,2384.2393335990982,138.24720976958756,43.01271382282959,1.6511128560454957,2.693132686982717,4.853642246762571,7.5397697825291825
1.630825940323113,11.376944081637225,157.68917578494217,4039.4909968763054,590.2899831153641,18.65586984421799,4.056328449616835,1.0298280254437655,10.21894650744873,7.6535332481267595
2.2785649443838536,11.200797686766201,151.21313671771307,2661.5990280512992,913.5274341572932,30.311363767172544,2.050096339689264,1.6822210589653865,14.41386942416066,7.845183178594247
0.44094432558637564,49.929946928723496,160.03260050903896,4100.048255810403,681.2928088537037,12.628169111382094,4.719650884105491,2.718903109383475,7.899393920555238,3.3796043724323948
1.495484103943567,40.99557853689134,177.16829232962485,2050.8137088758967,314.78774865950874,17.228834159690066,0.9376787396373499,0.9017144388538573,14.974382642611312,9.026171347307379
0.9461304554975545,27.444716538416852,267.3906850355869,3039.679650505209,741.7547970852453,37.31105719997562,3.2423048053412336,2.4209037699582963,1.7888679471265643,9.223634511666756
2.4517238290647976,47.25286135273742,82.42990453516428,3804.3134723729577,485.63512442919483,7.569842693938337,0.15951156571616087,0.8713673517997236,8.714502816828398,2.031645923373219
1.6216325179021378,27.11216252099713,279.0367658556088,1845.8451423458655,908.8846503946653,41.651369214028975,3.5679675351916007,0.9468944204675106,5.919686940287797,3.1446777975108753
2.3786644350394837,49.66418096424183,209.19519331200055,4367.263854796229,313.00292586934194,22.440413805488653,1.1823996555930503,2.575490171064973,6.026290340428119,6.290553942053484
0.27432433333229805,8.325266323709272,111.79013770722335,4941.809313821865,805.4699820503017,35.93718318391509,1.2815263831514663,1.578938866859037,3.951608768511275,9.965948663950979
1.1442276161351916,8.690524452201444,243.79098482202502,2133.2561409792606,239.05253941576535,47.1950201255932,0.3544306896857702,1.7830432406928474,13.965002746170278,4.922685543050774
1.340459146412728,42.964828943096656,284.4340050516177,3564.2474297366794,966.0699530933776,7.017831825297105,3.3402285693341036,2.57319165376661,14.93744985608532,4.21128911268865
0.5811401874282566,41.73808537798473,168.732694814004,4018.6878913005994,550.4709311143172,29.40219637120788,4.465090079580556,0.7217877637472444,4.366420581201305,5.6227423706426976
2.0579233876502765,41.33544721994334,154.09382243311603,2951.7150342117775,815.2241649656199,15.57970617898457,2.124276289387442,0.3984536395152242,11.448421908389863,5.044972667225349
2.1038239882857543,43.98463457178332,81.54029630913318,4951.6124249527375,147.87800181449836,19.855895790976305,4.416198158577249,2.4699941605993763,3.3546261354103493,9.992872495432058
1.4984928951864478,42.66090244685036,160.06458538720992,1553.7493801386904,860.1236603959629,36.93043806763486,2.2421974422397786,1.1268869502315886,1.636191384132087,7.048963236203033
2.0847444802028146,18.192394695865154,164.31445681915616,2719.9293146355258,100.68047156845294,42.68246762658745,1.2639308590671525,1.2027523360830774,8.46590806922962,1.8806696548014994
0.4514184710597422,15.740866276630465,274.12704052532166,1450.7461408779682,920.3724152495525,37.928276768922956,0.15775191450019038,0.13989213450698113,5.431477147637029,5.399147763286029
0.2984838713227426,44.433395094935,96.50124577999526,1998.692966329032,181.41146838538245,19.784285539139535,3.861380119673124,1.4475757026129863,10.535790796912575,8.9586166512602
2.058766317989178,13.389185219090956,55.067145773837794,2642.783809531061,863.9380717232152,15.24380543719552,2.6473373284532262,1.7441984620598958,12.075691984822074,4.492103555609075
0.9463679121475902,28.45671262426427,195.31908217213856,4420.692095320554,361.1628604111413,23.966245452991032,0.5471517720037934,1.7083925647225195,1.1795711446495627,4.887741594303841
2.0631851813681688,10.271467359869373,63.524676194279465,1904.0862483113428,729.9420501083291,45.992983553030975,0.8225862797425573,0.49422044984005586,2.518365054529144,9.357241829744
2.138603264598144,22.958729339464558,119.73080757939151,2368.9705961115706,144.45744495885893,24.44219496641667,0.5093293034921174,0.2412897143062384,4.7732520487452215,4.8976230020203495
0.32406322303246304,37.58426056683873,76.76307720145566,4403.157876002953,190.48665018369866,32.5550119233877,3.3111028036101664,2.9298249978870343,9.892173192642145,6.231825510507631
1.259038918551201,6.760052567895981,239.54388172757604,4726.199086470597,818.4107525200712,40.79328574199029,1.4132785989921008,0.7299360751695078,3.494992679757675,2.178417190005762
2.035528430603559,32.02505999876686,265.74453667445084,3722.1536601315115,844.8885924193848,13.26620819882525,2.3789128229086165,1.8985272672348863,4.01414754750005,4.936464176971667
0.5730924988045871,31.576872310625312,220.5615260728876,4673.523573279103,615.1056116417479,11.083296922985191,4.282116254145414,1.8695752314999765,9.114397859196231,5.597029303656777
2.1930216444922572,22.2415386861327,175.6663520718014,4282.238660175215,371.81060600912747,11.666110872459948,3.979371137761209,2.5189371367413567,2.5208274417417122,7.6941920323012605
1.5370931258583547,44.97623595179868,89.18289249243244,1258.6867696128659,392.6628453378464,36.22574338959608,0.29350425062843694,1.8959033659769622,5.175258692061442,1.0597913103637784
1.2254905816055617,38.15846817976398,91.55256427061893,4007.4155283206956,545.7157787390347,48.89084341599065,2.074852436049091,1.6073761530185742,14.68005993946943,3.5367828649288593
1.999298277654394,32.36796387061283,186.32086740660137,1858.8524251408244,642.4832198432649,32.78326407374471,4.403054110409239,0.7041444845844047,6.859980182855906,1.3636057060412345
1.7749467789411597,34.77943644751932,80.96693365679559,3231.0895585123403,357.6960239215602,31.12307467426666,4.877640151481809,0.10202191573212925,9.809004637166845,1.3229615725077224
0.7029809141319472,7.809014968149377,87.21507209619607,1505.4821234776514,775.1145540394178,29.32488260401652,2.60094120398124,1.4568918485326867,11.32846830292751,7.325469527983547
1.7400336230054605,31.528209742992704,55.98389378385875,4895.731386560301,205.4763420797417,15.413841694173176,4.725244079245851,2.449979375386493,14.55815620739043,5.943215841071456
0.5383998588610152,32.661805379778414,220.11329507366958,2457.798588650264,708.0918091347029,49.51193323371987,1.7793390391866695,1.6613775224344964,4.0901183083639,8.392821697783521
1.9798587942612527,44.79552895465624,245.716429902541,3486.7570839688906,844.769137535805,25.243194870858368,3.587038477368218,0.44878329321274907,0.6615819320255687,9.559990023091428
1.245976969474979,5.680338999739843,284.1919636543316,4920.174339064142,399.0590619562074,6.552074738511305,2.7349202758275952,1.5120398407016271,12.746955427216621,6.805820998142499
0.9738342666077064,27.943444440499448,108.26937234403925,4526.433834071461,438.29021907585724,25.049667012815718,3.2520546472977125,1.3867433361923034,10.125737896919352,9.02594275872395
1.9925859107168973,5.665638947633887,159.0434278098782,4102.782715206131,744.3503936688204,3.446068179620571,3.77576763016281,1.2469692401185724,5.370931913139123,7.772990474122394
1.8284208023670787,44.62711093967374,55.923124388953205,1409.6046019718397,120.04500516991072,8.565047512333074,0.5520895184759181,1.6965865128047861,12.056783767597874,1.477208060533865
0.7259672242830995,28.47685708931877,292.9190186781426,2705.6414655083345,651.8170013651686,34.960197992553766,2.0761386838478035,2.4216541543337535,9.4334350589828,2.3986839528527257
2.068884543529987,29.63520161850885,238.2740893921261,2335.8521435408334,278.51695679675476,28.042566395552413,2.8003949180867433,2.0759900515384073,3.07378197424167,2.5018481797669874
1.8077086316747772,30.793523264067982,126.19694228376295,4946.067253770298,282.26088021659655,13.28492838456761,1.8353057921829683,1.6216342816973905,13.167598096316379,9.73545060060084
1.8684406019569062,49.800280853262656,237.94787097524252,1806.5540704711384,430.84957738882804,36.14260212042336,4.126460175310642,2.9817550490708764,5.035042181723647,8.409225838843764
1.5815104258978652,45.351868619335036,192.23072640458196,3520.3944910966193,377.61354525856626,35.172771985422514,1.844625892151383,2.2658252423817733,6.68343147993803,1.8696677108671178
2.422176865529483,15.638018406618057,166.75693196397998,2457.399470759993,486.18300552982026,6.055902740975588,4.820627471787721,2.359082289995619,8.320667785766407,2.6226116082765625
2.200129608842688,24.216521832383552,272.79193392994864,2689.053053081194,465.88191374523973,5.71490982918397,0.8147921057605539,1.5896064174713864,9.20166824555634,4.597046505316166
1.3789077575218958,7.881340035075201,250.38975501905043,4223.1946435551035,613.5489805820719,10.26739375562783,3.6732977828599283,1.8998345160481327,3.1656361562032753,8.56890729063181
0.15562096349333646,29.709373159328447,165.67934293997237,1587.976296370905,882.9478628244325,24.853820793395656,4.570198599309801,0.08361561783299135,11.591906138280267,1.6633451057764448
0.41929099962339555,22.273518610607447,125.98643051365735,3862.69962676533,680.2368059693919,22.053341359868732,3.9407845795185263,2.3545461011435203,12.183557959228324,4.991520914746895
0.130456352065044,24.922859229628234,127.49649031377315,2466.6719975324722,992.6787863128804,10.58677033719817,3.877095038526872,2.8059470912615634,7.130123692195711,3.1506335529875846
0.8904748185800763,27.554145286085237,257.66779925028607,2034.0714560624806,222.23876329046078,19.40871827416615,4.082918924667371,2.8337765588916137,5.370701552386846,6.813443672151287
0.9304734271430297,46.62618046963329,167.00610066251625,3592.547269318617,915.4576428720027,43.929078712453006,4.335302758095591,2.0041195252862645,10.707111567752204,3.8756443105211478
1.3569369135652067,35.5225045923925,225.65684959870757,4282.355988875572,700.9071578525051,28.91077652396317,0.6160307607988492,1.0460140536942673,6.310908004090289,6.816424106749853
1.5938101803945377,26.22213874098033,280.2192212032277,3698.05835630606,246.73938553219156,40.0881972975691,3.5686947639630975,1.7086766752329248,11.397764947131774,7.850545941879453
1.4511501363588317,17.498305958099788,86.7059325936327,3804.6063521280967,579.11129116604,43.264284221018016,4.567791340813406,1.3298773577067748,12.525712407964726,6.573057231171284
2.1775064388677112,7.966134148257579,55.25628933855574,3225.249846505365,696.3801777241104,47.13237954615389,2.3303802934004296,0.2920976974545646,10.204063141567502,6.563355156436416
0.8833212717022646,39.70008736952431,135.33892517012026,3695.424523691024,434.1088090730955,49.73284527534598,2.487556631466522,1.5790103482936975,13.680751472700157,4.00506992146474
1.8216926777982239,45.99077495807576,168.65245652065158,1066.4154882820912,876.026505169351,37.14810029379231,3.956191552615849,1.043603921443922,5.10512604647864,6.144359279060847
0.6162060497635578,21.215023858621276,207.68185547981096,1204.9447056944343,363.64870479261174,45.97072700262544,3.0012257921864993,0.6893858222882587,10.326776790471653,7.705254007583383
1.7570207010560004,11.36100047253127,64.97893891850136,4951.455478849942,828.2146629981579,5.874957284154375,3.267326013875948,2.772843870931438,11.003753664439948,5.7449739375461535
2.392825522694214,12.118163200102606,94.0714321906562,2938.24785318897,194.7583027646716,6.089059255815378,3.9122863805141845,1.7162556022073656,8.114362332395503,8.703391951051135
1.584023673158237,26.57781784984492,158.9714820786381,3569.179141089287,619.0852603977497,3.1238588146883703,0.9224584555161208,0.921520365260116,3.5540139781018465,1.763047669653527
1.7329621333576142,12.068384378670668,188.24909119112363,4638.74554166344,946.4507336694971,43.29022304616148,2.60596203440736,0.5092745942478812,10.221003693879114,7.532514489481834
1.7531961163097074,25.432395574096436,71.84451859269798,2183.6667125638296,976.2887148997879,39.913538332839465,3.5054611569163407,0.6363838746935198,8.639113297602712,1.522146601483675
2.4912103423593943,9.898078744078017,199.60877806022867,3254.6836036292348,859.6038733265657,5.031826676088166,0.15151006686564003,2.4568835658054806,8.64664948035209,1.9946074850176396
0.5403554647286607,27.797213927945254,110.04916988135844,1751.5106180573102,560.9633915205238,40.22659460202903,4.575472842413553,2.7165384676205955,14.141898520215175,5.468757891377021
1.4847699832802057,8.297915635815968,145.27675216847837,4328.7369849412225,793.1272873527432,16.825831107326287,1.9367908270969079,2.724558361847027,12.521199842196836,5.315008129697021
0.7751260896993584,31.62465875193186,147.53327314191114,2869.574850184672,443.1619232773813,20.197644034913267,2.6156675012553,2.8283622156674992,6.923801874597177,2.6001042126300606
2.3376961415127733,6.512136988146759,214.38749237432597,3006.637888418464,396.1438751187022,19.944549077372372,0.14386202292920372,0.7642721954500521,4.88854405889542,6.075807902482058
1.8248600075046326,40.1162915886533,293.77115139335655,1281.801823297964,241.55093324629192,28.651440368792226,4.806943114826181,1.9930357599276758,14.564502042660624,9.93836607437514
0.3512752961050811,37.20656412676656,82.68631637600257,1007.6830976986129,983.3400139575905,24.125915255508865,4.933904558117075,2.558138724924149,1.1723905657048705,3.760575518914508
1.6956731612250524,48.18350281327235,50.717658692190064,1192.0115840255567,271.4325796521185,31.918309995410947,4.33174300886481,0.3210523240070674,8.132321424310177,4.11695178866729
1.0511637082434933,20.11104823993451,172.554218853638,2614.58431254946,907.7447254358467,17.467630601565055,2.433367074452142,0.770484497970816,10.633485615676845,6.695413442243411
2.2478769055108634,16.568890471861977,88.39854609010519,2090.925360218482,679.1287534200827,39.1662453322172,2.512850680047242,2.1714550912234594,12.10208754525124,3.5855898306032774
2.4280454074127826,13.363263718535121,85.89622101655621,4477.739004068577,858.4648482949405,3.178994304715097,0.3052566589592042,2.327026003907147,13.60214799292782,3.8756263318055737
0.78607313710914,19.745312965685937,79.22578120252899,3936.770563944397,652.7163025425957,21.246743436534373,0.958883739810909,1.4710082013121737,8.96030934115958,1.9724828287012701
0.15033065518090352,48.852301112252064,58.93229630541323,2176.2496688965616,844.8786321762727,9.437823781819834,3.3345424291814103,2.697879217878301,5.5223719208457345,1.7393514521893474
0.4814540480510452,30.596202183378868,142.5926204730447,4047.0294006269173,371.3615529251917,9.127393428784657,3.657584796524593,1.0287728308700208,9.520437022589974,9.513655524567465
1.2805874570905635,41.6309398346411,56.947337234930714,1804.0813688358762,748.7757784926861,38.95752300426247,3.5098881057480926,0.7171509040033028,3.8769795058050693,1.9492514681513362
0.1917512897852972,33.49121788209102,136.8194718403333,1858.8048746536754,560.7917640279934,41.13257588307288,2.745040268933645,2.4295012143325705,3.4237608697420243,1.2387430875281016
0.4828958247276245,43.36387705612634,234.78952207793336,1124.3448146717499,689.202392789534,43.37726984870052,0.6559600593478037,1.0437125154583646,5.657124830333877,6.998550017838718
2.073655541807858,12.109421511388103,183.29639185588618,3885.651423938812,467.50021063259106,19.970423201934466,3.396109851094953,2.6765139756908862,1.6023120203338816,1.3598875424881316
2.246940132749851,49.855633234297684,166.148904162701,3891.156966410188,121.84183176687787,31.13498113133837,4.20122652395944,2.0104047953955813,7.441512249675903,8.802836255637146
1.3798438518557934,29.933955274730824,298.9787401366939,1985.8996843084387,251.7564502978148,33.464271105089466,4.896696099086445,0.34015914749110965,14.203289254065158,2.8748828780127864
2.1530325610528704,39.194168056657645,205.2506759476402,4371.821127651692,200.78922870563775,29.867291393745617,1.2333887432447381,1.3377263071964165,5.786260030250241,2.7226135704440595
2.070328805043614,45.6894524376109,74.97092570786327,4372.689784949398,835.2707889850712,8.478006362978558,4.048136226927704,1.3549073117471242,0.6088519371314363,5.339840364591038
0.5921200922941346,34.395891730521214,88.92091209459429,3462.9099161192084,781.5106431011775,31.11731927409125,2.5446284339888736,0.6135763047829202,14.469202214641628,1.8800880364855572
1.8580336724090765,7.346326757871537,155.5256743959592,4266.0335186282455,182.85450837722195,17.718269224011866,1.8172973332607527,1.7730969193414607,9.548185196614577,7.9477008502049795
1.5427358325092673,7.548650891343245,123.3418135862507,3627.944859666426,318.5478173742522,5.198770190005609,3.3026580616715235,0.6486329795572404,1.5577462214767905,4.227065832996319
1.5752581172464635,29.559583857093337,134.84260429393407,3334.955898807658,359.59505834119886,21.62515111811185,1.2557168236049503,0.22403846129359073,14.682158029706054,1.1680105262008085
2.2707674178253026,34.25688920045473,130.18725475134028,2527.791488371532,484.663247966503,44.61383560612868,2.7828595372546525,1.9239055946981836,4.391097718134609,7.6688104274029945
1.4308963227664073,19.01203535177302,161.0542009267657,4390.736149581678,747.5899424467511,21.49919155475915,1.7359104749483008,2.2229663541988764,12.72677981041164,8.471049229665173
1.0229247271069846,27.822911743037224,67.3227080172863,2401.383358490679,101.88968049914352,6.15104916433269,4.054770048028979,2.133726647389787,10.569230770746612,2.100667328796738
0.2895954639696957,28.95588773336473,104.76721050237168,1888.2495074202059,498.52677747078565,12.380631770596288,2.352039650105877,1.4728986131895558,6.8215657327816706,6.305278701900827
0.8944942034787857,39.185400936855416,118.0677775413607,2101.7441144964405,674.9970632627392,44.31878977916058,0.3049807185161103,1.1694711161532907,8.532740686017041,2.8664159193970873
0.48594399054131077,19.598302062371957,191.25423508573184,2357.0880757632076,240.88222116273622,26.944671211523215,3.716749824948952,0.8883979230712172,5.006136709035045,5.802728886525761
1.133386499468059,43.61582234150074,54.73733757546999,4074.301288824265,285.50497013217125,18.261640650387143,1.5046275365347568,0.5338319351266897,12.739175230649431,5.377352249957601
0.4350306010817162,6.783555392644489,74.11414993742736,1049.0407397064066,359.2555901981224,18.65449092417347,4.594813188757505,2.4702704913251865,2.104725575850571,4.619239143207182
1.2167082070627602,41.87155171720304,183.23732234076832,3344.5514864043575,149.14824953280825,39.82891362999036,0.9369308539474429,0.7753216578202391,7.7541071505300465,4.365560114347343
0.6280694856164638,19.244862368571432,209.20714386175428,3569.0101127021094,370.4846406575015,39.260245927887674,4.462987552189938,2.6359895264915,2.635147268904071,9.832980181060112
1.6022598297116035,36.14710649939228,232.5939827389179,1304.107403052074,320.8266321032346,36.96315584492955,4.922740169940939,0.6784722773524076,1.5087584602117676,1.087369068439596
2.173097701361202,6.227647794399207,167.00191829535697,3753.496270613037,147.16892605894407,34.97263537647055,4.90327907576176,1.171975549265956,11.330371957346163,5.562997366612643
1.6839036619492005,37.67654785727699,168.06983161783558,2562.4804568386216,417.8938820853255,45.72541407700351,3.693566163871548,0.7270455752840619,14.965239906208225,5.03663346275005
2.223172266275241,25.096106569200664,216.9753971614157,1417.6321000951102,528.4407564545586,40.732051608918546,3.642046799552498,2.3427615409583367,10.28608044782788,2.446868190665822
1.8733816139320685,26.06010073363115,90.33863873070132,2940.8221457236878,184.49269772198934,20.105926881025567,3.299977071965135,0.26155110344584703,9.222001416750121,2.7640049358285372
1.1878703090299474,9.280534410764048,72.6741381284408,3260.0383345086907,337.59835460260757,42.67637758519452,0.8737059013837385,0.5326819126419781,1.5050432122997472,2.4440069811346308
2.107841426318594,43.484490222153276,51.28318504667907,2434.6494677279334,910.8578293014572,47.35896236348569,1.798329601752398,1.2136153461719004,2.378636166958259,9.238515648763121
0.5186700626146462,6.484566259635411,61.21218178073133,4743.745228992668,659.2266284744145,23.480634881666887,4.859487213681468,1.218800601524641,7.671617747694852,5.059801890196634
2.3805553325434254,48.86906002113894,103.80374153212966,4698.652155416592,272.6011126819146,15.389821770769323,1.6096261552197038,1.887778499094498,1.8014037952129753,6.185266892841197
2.1857476744605524,34.592651007566104,286.87064360375507,4289.893804047125,119.29346083486396,38.0701573525943,4.675506543932012,0.7962151932831734,9.677095593998214,8.75186579327761
0.7677429919694589,49.983975661521136,216.4537485103689,3341.4167247754363,806.3543383280644,10.586707010909892,4.346016333012776,1.8682163734563506,7.953205002390848,9.150290023243189
1.733321195393737,6.1479778409517,173.4198210012533,4622.93879758921,327.82813024069105,27.95118313617032,1.2736607529590467,2.2105096024932367,0.9346390891620958,9.82667463856775
2.3047090610806955,11.585267643584029,102.11728687108128,4885.249441402683,720.9107443337696,11.966387536911402,2.426704236294442,0.7352474544216624,7.278324133615734,4.652027473961844
2.481557113637772,16.09688076280903,198.95238452474098,1317.7594663208763,862.8071704110794,29.56397451811396,4.9551316821130555,2.356452937352993,10.032942982232266,3.4255891657188533
1.2782716688761713,19.46870082210441,137.69241427192662,3681.7194254251367,474.1700036695229,40.177671588591274,3.2440187682983663,2.7299143646820365,1.248431238794777,2.8789185892457527
0.6146460533271545,17.696008424704974,289.1337673202798,4450.290308980853,224.80405929000858,38.854439353749996,0.14852855877157697,1.1656458519724509,11.49847577942646,3.092089739962427
0.45913296660117475,11.43166679910575,95.6569216178635,1865.472190711508,750.3572993814136,6.728953403403496,3.8532444715207017,2.266636559971196,11.323200346533708,4.351026479095818
1.5775331270591348,37.40927522537653,50.5937873305516,1019.4734848421439,730.5966727568283,32.32446866919058,3.9400185268317394,1.1114027387817056,2.435477458377439,2.308766402067211
2.0286726576613128,33.44637278133216,97.47034743936565,2067.3355583939783,186.38506847477242,14.585995016557687,2.422076089104144,1.86168406626439,9.369144102854182,6.586470185189385
0.2587643449067801,41.67617494721017,249.26872778832026,2354.010350654461,907.8487369790237,34.84835070996521,4.02872333056937,1.3531978823375277,5.710932672853756,8.726411643849016
1.9425082021447082,18.15419332979737,224.66613068147421,3550.085541962287,170.27759669402596,49.64458626177572,3.023651945233365,0.4215023530001101,1.0094884604068426,1.9500590449620354
0.9289221860200843,40.469996153090534,148.4032975567477,1213.9644618761135,624.5977520756476,39.7720083495237,3.799233671719803,2.540326802584068,4.59713094839294,5.884606899027611
1.9093012844674084,15.07920796960504,106.78524949562396,2325.564963739137,524.8337645782012,26.994674016810734,3.295785397144277,1.9030478968362332,10.208170776391109,2.343361475749977
0.6243398326546665,11.39678577246508,276.66927641770815,4474.2565996326575,155.68585879720314,3.6116148428713384,3.9973190618965573,2.5145741943079076,11.785805295355951,4.119782749922196
2.4885632114055443,9.741515286380814,251.91575353010202,2973.9217893383675,838.7238096211835,35.14304820489365,0.11551052201849155,2.06147208920265,11.275668730568245,4.996600331881886
1.6623671316626587,15.44583786208476,190.06410969321772,3792.330288020235,878.3715671911438,44.07695730901154,2.229249552818558,1.9239450504599829,8.930017222095952,4.881785690218255
1.5709219347770251,10.92689607694995,287.92477170647965,4082.2686131343667,542.9422384160757,2.7255797537841016,1.2228709748681224,1.8523501992768694,9.45422374585758,9.37366634709087
2.436588191901173,32.11679280076537,115.47380997674482,3417.0799004529968,530.4512248916301,41.38037549038428,1.436379373360349,1.9458455072393266,3.6239993087041906,7.116263791218261
1.8897074329653736,23.28659005612449,145.0836415517007,4653.72485271602,866.5870167434422,29.51815013525477,2.710586226208306,1.8904245111584739,7.907624046243833,3.899500640006918
2.149195697113235,42.96078335220912,207.49807211127435,2103.8615024014252,295.2732226215077,16.07504969836331,0.9224881365756977,1.759794255807322,9.180553587825273,2.021229400978863
1.5392949738632704,43.07407578994743,172.10552617322912,2637.7660261631763,877.1843599378556,2.9945140198486424,0.466913807155351,0.141434825149588,12.040961060460653,7.289107871610636
0.1007098363305909,40.358536911274236,215.87397981610758,2068.6421749184556,566.6529341855987,43.81857537316318,1.6560711959438823,2.224142814091136,1.6172580535710652,4.574824395322336
0.16373069935748044,21.668986682859483,258.6890465010417,3872.0987045574557,486.3811863169272,37.614386141024404,0.954739372755947,0.6890724612291051,3.3632538165512815,7.19011158451933
0.4615580642654489,38.77915528030225,239.4244062639743,2917.9163421674757,640.8392061158631,39.49570233123319,1.5706926455081163,1.5627019022309665,11.510302005607107,4.813064912519629
1.3140660320760362,5.6570758972475845,99.9393551938385,1719.91483131094,908.6470206568849,8.15726520817694,1.1786765118065718,1.7633279874643428,6.90016630742465,5.251748441829261
0.4445100494982469,42.89988532214063,219.1333704468047,2937.1844936713564,671.3989159552544,25.958786375294824,1.3647367908090844,0.1258892917976101,13.904330119439544,6.322003789701667
1.7980840627614685,45.18838969876919,273.20993032812794,2273.8617465996595,617.7502973444665,7.702464051326361,2.349490142549339,1.7217339855580422,0.9520762761109747,9.644774050624617
1.0205589624207536,43.81678554693005,148.83010951842584,2197.1899524981113,556.0323754359006,20.346592873913593,0.8503925576648738,1.3788952697381731,12.562682705323459,5.476676820418833
1.5986286656329916,44.36411345011946,146.80127252151146,2508.0881624616177,742.7242299346824,40.93027010998471,1.5530746656385974,2.692841310662273,6.70313748635482,7.026528602634972
1.2374725953307653,16.998410371283008,67.32239646711554,2036.8764511320267,465.82014157022223,34.69364734861824,0.39459269109206274,0.6550712710755119,2.824873660847851,3.135733498577158
2.0164978462840746,48.19524454290631,269.3770337613786,4847.8856402159345,155.35621775074227,44.677453036814775,2.9822935563921797,0.6399232249675092,14.659114557073636,8.952849887878529
0.6073459706295592,41.05612327387423,298.41156458662715,3627.4911576346326,610.7041885728975,10.28544568314431,0.3030767085449849,2.7977653141326484,8.571849139526927,5.188108314717997
0.13787582726368627,11.548338830665852,220.59205068914298,3607.6453381678357,911.412476891464,47.68314805379589,3.0763492947093347,1.3838494902521206,6.4670169937546875,5.393533106837141
0.3838853456185195,47.896325755119825,244.43238149324085,1669.7440752973284,362.44457267748146,21.99651506603613,0.9002550648307069,1.5987845285637052,1.1888458341322612,8.624415496678413
0.15763762304245033,25.105028711064772,165.02183986059185,3283.3213382871854,283.8807676793732,19.549667324909763,3.5081949927773226,2.6123334528435036,3.9904399993374486,9.522914940327283
1.3994362412676968,8.85652011856892,208.2932115952484,2177.8223259949837,814.0167125074678,25.204011376240963,4.934510330819851,2.9399543956311227,14.488149301490111,2.062007313251971
0.33470037401462766,22.73678700643644,54.47067911145332,2463.989162478102,949.8481470234747,42.0635044090196,3.885665016022537,2.6357861865236383,1.9187981959169007,4.784949692405398
1.405734247783213,25.273098110100637,53.72755881096001,3053.774946710926,632.8380228560957,7.108740817718489,3.3368370942102903,0.6472377457908192,5.571074647145225,4.67337620387236
2.178178433913935,47.01640217797292,244.15879621540728,1152.3225931663944,888.5058836014177,38.88233077076999,4.200446713884097,0.9178870182065719,2.046751219443217,4.835866436968008
1.5692532236154344,16.418760323652094,70.86031397219304,1350.9139436108776,905.3014368402424,47.28261205695444,0.5160679224006232,1.4556133037629235,2.924727663081096,1.6222062455125466
1.4195688776550455,42.81284111104714,181.5425385023555,2887.104941448744,271.3721236063138,47.65743183600373,4.29137257418858,0.14112857825948422,4.000935252398084,8.689758036310462
2.2301854784938584,14.697228633951473,155.60456829882366,3046.5215969750343,873.8453224405703,38.2893840411297,3.4793196256992096,0.6973820647126405,10.618310407894732,4.067188094735412
1.0997818528434071,35.30216253261386,65.49803809228062,2150.996497583471,713.7993528973628,27.139966238228077,1.1662028434745384,2.9508656775724367,9.707185103868218,5.3082040903711984
1.673326405319982,29.701043307344126,289.1310143030583,4694.724094809594,529.3672891869206,46.672392956844476,2.4900497968369173,0.2931067882829054,13.886036939030044,1.8005399480309445
1.4133836339141685,26.66340417626352,107.80422123651982,1894.1550016292026,619.287851508622,31.076438438905758,3.8419320323445367,1.663392460941018,1.4658340042157878,3.3133818377210407
0.22470199652191497,47.640926277507276,106.73805227219303,2602.0735330238385,825.7570298002008,49.983083041708895,3.8362297184954173,0.2895134676671055,0.6320630259987918,5.656910156670687
2.070953742659417,17.13939676705865,236.68745078899602,1956.2936322129704,612.204213593254,36.873572954582805,3.9865821212670562,0.6506018138666572,11.558826688549924,9.26561155283955
0.10296858758068117,14.328554924463194,129.17939709084646,2357.2031765052698,736.521864975018,34.71559557983927,0.1828874020027348,1.5863864190814718,10.56727380362409,1.0960280647089973
0.4041487145213011,21.190946598686622,247.678464007429,1891.9663364533128,874.0176676876221,23.12078007664728,1.637792298786191,1.3758947578001448,11.108985029468334,5.483758595741364
0.6617510389897672,11.395338090121722,52.99059890525311,4084.4159388022726,184.81139244304552,48.12597713228698,4.671294506840055,0.13793113623375364,9.48245697077053,1.0003491283608006
1.042252254370211,29.35481880753216,113.46346226729693,2982.475870336922,336.8730243088478,44.742437028801646,3.5626731770725755,0.7009229646824534,1.154482391343219,4.192564127181493
1.2205424688661828,20.23637019118184,98.35293180812133,3839.8901904622103,885.1219416361166,37.83733768562628,3.7182329483718015,2.917824619810624,0.8558847048832467,8.79691341879817
1.0233687008034797,21.15455582329574,166.87050173133906,2698.879474650341,644.5568521403367,47.567988653908785,3.104103771058563,1.5797480277060856,10.778889960507362,5.589845382177322
2.030288615444056,10.12601740762068,83.35960924020218,1628.3572928447215,736.3378858269574,22.55837036445415,2.9332545152639677,0.36645008369902815,0.9011107921964854,2.1903111936707753
1.3061248406589017,49.79412645085095,117.18626676175232,4540.690010991004,880.5416633335122,33.6246680887858,0.3523315338952716,1.7604682723453042,10.905129517630767,9.364979434857691
2.1391266773975066,39.83293399610216,98.57547869551215,3827.0803073518478,894.5412906913054,37.299846999711775,4.195402210525922,1.3044304439710919,10.67521636540242,7.040513424586206
0.9030782151027428,26.24857453877306,67.23672773584461,3533.178698209944,303.83199270816397,5.000696339402987,3.6332987525114335,0.19769011103694428,2.3278248325359714,6.547395649834392
0.6297549693798731,44.13296599256667,62.663664383909364,1685.6231467724715,436.33321819984536,12.747317543582867,0.4110977050155855,0.4315401344841526,12.810507666264664,2.1868274549214997
0.7332196771723944,11.297077401285517,264.76197299987723,4856.5456191675,895.5777173615135,18.738839859604084,3.3184632425511253,1.0055888062684104,9.56824209608945,4.370251278404012
1.4718474312974699,33.981879980866665,183.58484058378681,2110.096480481446,834.078835271355,25.64755710707556,4.278199541139869,0.6696340861960774,9.559179600639133,3.346773413573507
0.6456940518325627,16.50089779244526,250.05883095141792,2700.99230743901,965.889250953294,31.19515731231656,1.2845814018748756,2.203362223090024,3.404157991760549,9.24448913992596
2.3668423155142473,37.64574681917489,73.92778952916993,2154.6416059190124,124.95049641888868,7.69721035516158,2.7437126219203014,1.0499732119920269,3.4062591734449024,8.006166503352313
0.743946159029937,12.54739504831834,248.32558768008994,3045.7095585248117,226.85702524775462,43.79009366044828,3.388268580792268,2.5861014180869195,5.3416383323767604,9.300587273921908
1.2909183858488702,44.18891795856942,134.53849216999538,4272.244110809292,893.7659925939021,15.261245220071173,3.4220616717391716,1.2237134835121772,12.808475125080337,5.370449731262676
1.394320906883974,39.19896715921691,155.98772428164403,2775.092123391158,834.2939418761408,17.228893064125288,1.2263512946391129,1.8443689459830286,12.900159402230802,4.7514541676283635
0.19785805970345952,21.122043759778855,173.1748418215066,3606.2866249043836,876.1072639320897,36.45618644627422,2.634456572695859,1.0923521655541013,0.8140944940691264,8.974945715876768
1.2387733172300706,36.96279679718215,114.4051165470083,3836.1541937978845,658.7940742456312,34.88620700039216,3.04737823063221,2.5249479330289772,13.439518020576141,6.109379019137217
2.4518842073837335,24.168101300355538,270.6897442677458,2161.877110458287,433.7230673522879,30.59109794844248,3.8081339303915542,1.1155553244798446,6.816533712999169,9.360389906979643
2.2371946857393357,42.32338589626602,67.6445350777675,4017.0612408510624,370.82595437876097,2.81067901010468,3.8799215909168256,1.736024886696991,6.728627133470063,7.259468009173868
1.896170728436161,49.871212170370974,252.18274233790174,4983.09453734354,837.8324235642291,41.248426058858996,4.651488465781609,0.5662753148779085,11.003768832043448,4.348950695564763
1.819835902856077,43.86207608756645,126.17369930624831,4113.267015087567,961.0273963312248,12.670249584399265,0.5797685042449587,2.810772606582532,4.562927178557795,8.404183428825643
1.2203216455531687,17.287701011675928,52.70035553938161,4540.394745851555,549.8344373681841,40.33253819754275,3.9785236339416423,0.5358743817916386,12.253343055941894,6.965277713444689
2.3490031352892697,47.11204779241981,115.46638777613632,4442.727220645864,650.1163210695147,2.6984263171525296,3.9177723235053707,0.6605563759292485,13.567463335211725,6.915171976189978
1.6823118997488598,47.77891033109345,261.0725267824231,4193.094408734462,524.3785521611919,2.5210329829136455,1.3957198905280992,2.120312132289359,1.3003462964258983,3.8700619239902245
0.22258219906875745,19.323414543365274,109.85074350502117,4347.526594710172,782.3721388304946,49.93610857357841,2.9719327843450785,0.3678739560208876,4.62664983819811,8.188137458914515
2.3776264285661215,27.393468234831367,287.452628524808,2077.8435646077814,413.05709401954147,33.96969301315963,1.0896069279852834,1.1518521576367264,13.212181440321245,2.096848714806504
2.2923191653271857,6.623201117205605,109.43761554940797,4361.400071541186,247.48745147452107,5.981584753225819,1.3918073556867485,2.7613357020421767,12.171774376591348,5.196546284186453
0.6258789515448532,14.728738833056276,288.747721117139,2207.5770567662494,811.502115468854,35.45902220818515,1.2314950233836273,1.5338108579557361,12.135890110730019,3.1280528718283507
1.931395296621031,14.91618066246758,271.32304367426104,4117.374859422925,164.64760616452753,5.011100891407034,3.080858620626761,2.675789155827332,2.5439909086906893,2.2471686778427125
1.189091563732006,9.05010018825725,262.38990071272383,1474.7598898798478,860.0437544058361,28.77813916045541,2.366148713550516,2.734480267575699,10.44837515795718,1.6912608392828774
1.1635733736164646,25.94872546959211,256.03254800104935,2866.441935206318,934.2789342595369,41.44630203805474,3.132858593402065,1.2819128331479432,7.443022522936223,5.990215319224969
2.40264184893177,16.34670398901396,68.71750875713087,2574.730438255807,394.2187397397814,23.386875556404192,1.509032992390003,2.6038648444498653,2.0417130355921427,3.9062647192761077
0.7970013324807899,5.756930546738561,186.96170598652597,2061.531645188482,810.7465991723532,32.30552495453438,4.663041972828161,0.9915213780350647,7.276816117388624,6.976194522209512
1.8165960735963276,36.24204072937853,120.45592591417183,4433.565072690564,597.4386466694552,5.395649608561223,0.5281472298066741,0.5809988088942925,6.709410801967266,7.669065161795783
2.0619607091352252,24.886292055114254,61.429630695559716,1175.0441216131035,307.4273191221123,34.233843234780856,2.7472904851962325,0.7297708905675028,8.893368122697629,4.39555177150606
0.2428600077591084,11.173690964440578,81.69263849939163,3811.2784060625827,462.64841546878284,37.78301923478118,0.6109240486527184,1.2887888514708807,14.228394066752465,3.4638322509556407
